rooms_num_square,type_offer,price,views,likes,address,apartment_complex,floors,furniture,series,building_type_year,added_ago,condition,ceil_height,gas,docs,heating,parking,is_change,is_ipoteka,is_installment,door,balcony,floor,different,telephone,internet,security,sanuzel,user_name,description,analytic,lontitude,latitude,link
"4-–∫–æ–º–Ω. –∫–≤., 172 –º2",–æ—Ç –∞–≥–µ–Ω—Ç–∞,18 574 600 —Å–æ–º,237,,"–ë–∏—à–∫–µ–∫, –ü–∞—Ä–∫ –ü–∞–Ω—Ñ–∏–ª–æ–≤–∞/–°–ø–∞—Ä—Ç–∞–∫, –ü–∞–Ω—Ñ–∏–ª–æ–≤–∞ 190/1",–ü–∞–Ω—Ñ–∏–ª–æ–≤,2 —ç—Ç–∞–∂ –∏–∑ 16,,—ç–ª–∏—Ç–∫–∞,"–º–æ–Ω–æ–ª–∏—Ç–Ω—ã–π, 2017 –≥.",–î–æ–±–∞–≤–ª–µ–Ω–æ 3 —á–∞—Å–∞ –Ω–∞–∑–∞–¥,–µ–≤—Ä–æ—Ä–µ–º–æ–Ω—Ç,3.2 –º.,,,—Ü–µ–Ω—Ç—Ä–∞–ª—å–Ω–æ–µ,,,,,,,,,,,,,–ê–±—ã–ª–∞–π –ê—Å–∞–Ω–æ–≤,"–ü—Ä–æ–¥–∞–µ—Ç—Å—è 4 –∫–æ–º–Ω–∞—Ç–Ω–∞—è –∫–≤–∞—Ä—Ç–∏—Ä–∞ –ø–æ —Å—Ä–æ—á–Ω–æ–π —Ü–µ–Ω–µ! –ñ–∏–ª–æ–π –∫–æ–º–ø–ª–µ–∫—Å –ü–∞–Ω—Ñ–∏–ª–æ–≤ –æ—Ç –¢—É—Ä–µ—Ü–∫–æ–π —Å—Ç—Ä–æ–∏—Ç–µ–ª—å–Ω–æ–π –∫–æ–º–ø–∞–Ω–∏–∏ ¬´Borsan¬ª

–í —à–∞–≥–æ–≤–æ–π –¥–æ—Å—Ç—É–ø–Ω–æ—Å—Ç–∏ –∏–º–µ—é—Ç—Å—è –º–µ–¥–∏—Ü–∏–Ω—Å–∫–∏–µ, —Ñ–∏–Ω–∞–Ω—Å–æ–≤—ã–µ –∏ —Ä–∞–∑–≤–ª–µ–∫–∞—Ç–µ–ª—å–Ω—ã–µ —É—á—Ä–µ–∂–¥–µ–Ω–∏—è, –ø–∞—Ä–∫–∏ –¥–ª—è –ø—Ä–æ–≥—É–ª–æ–∫.

‚Ä¢ –∫–æ–º–Ω–∞—Ç—ã: 4
‚Ä¢ ‚Å†–ø–ª–æ—â–∞–¥—å: 172–º2
‚Ä¢ ‚Å†—ç—Ç–∞–∂: 2/13
‚Ä¢ ‚Å†–∫–æ–º–º—É–Ω–∏–∫–∞—Ü–∏–∏: —Ü–µ–Ω—Ç—Ä–∞–ª—å–Ω—ã–µ
‚Ä¢ ‚Å†–ø–ª–∞–Ω–∏—Ä–æ–≤–æ–∫: —Å–∫–≤–æ–∑–Ω–∞—è 

–¶–µ–Ω–∞: 220,000$

–°–†–û–ß–ù–û","–≠—Ç–∞ –∫–≤–∞—Ä—Ç–∏—Ä–∞ –Ω–∞ 10% –¥–æ—Ä–æ–∂–µ –ø–æ—Ö–æ–∂–∏—Ö
–¶–µ–Ω–∞ –∑–∞ –º2 —ç—Ç–æ–π –∫–≤–∞—Ä—Ç–∏—Ä—ã –Ω–∞ 6.21% –¥–µ—à–µ–≤–ª–µ –ø–æ—Ö–æ–∂–∏—Ö",74.6003,42.8822,https://www.house.kg/details/521743066ec024c57fe40-61109241
"2-–∫–æ–º–Ω. –∫–≤., 35 –º2",–æ—Ç —Å–æ–±—Å—Ç–≤–µ–Ω–Ω–∏–∫–∞,3 841 565 —Å–æ–º,9483,56,"–ë–∏—à–∫–µ–∫, –í–æ—Å—Ç–æ—á–Ω—ã–π –∞–≤—Ç–æ–≤–æ–∫–∑–∞–ª, –ê–ª–∞–º–µ–¥–∏–Ω—Å–∫–∏–π 12/–û—Å–º–æ–Ω–∫—É–ª",,1 —ç—Ç–∞–∂ –∏–∑ 3,–ø—É—Å—Ç–∞—è,–∏–Ω–¥–∏–≤–∏–¥. –ø–ª–∞–Ω–∏—Ä–æ–≤–∫–∞,"–∫–∏—Ä–ø–∏—á–Ω—ã–π, 2024 –≥.",–î–æ–±–∞–≤–ª–µ–Ω–æ 7 –º–µ—Å—è—Ü–µ–≤ –Ω–∞–∑–∞–¥,—Ö–æ—Ä–æ—à–µ–µ,2.7 –º.,–≤–æ–∑–º–æ–∂–Ω–æ –ø–æ–¥–∫–ª—é—á–µ–Ω–∏–µ,"–¥–æ–≥–æ–≤–æ—Ä –∫—É–ø–ª–∏-–ø—Ä–æ–¥–∞–∂–∏,                                             —Ç–µ—Ö–Ω–∏—á–µ—Å–∫–∏–π –ø–∞—Å–ø–æ—Ä—Ç,                                             –∫—Ä–∞—Å–Ω–∞—è –∫–Ω–∏–≥–∞,                                             –∞–∫—Ç –≤–≤–æ–¥–∞ –≤ —ç–∫—Å–ø–ª—É–∞—Ç–∞—Ü–∏—é",—ç–ª–µ–∫—Ç—Ä–∏—á–µ—Å–∫–æ–µ,—Ä—è–¥–æ–º –æ—Ö—Ä–∞–Ω—è–µ–º–∞—è —Å—Ç–æ—è–Ω–∫–∞,,–µ—Å—Ç—å,,–±—Ä–æ–Ω–∏—Ä–æ–≤–∞–Ω–Ω–∞—è,–Ω–µ—Ç,–ª–∞–º–∏–Ω–∞—Ç,"–ø–ª–∞—Å—Ç–∏–∫–æ–≤—ã–µ –æ–∫–Ω–∞,                                             —É–ª—É—á—à–µ–Ω–Ω–∞—è,                                             –Ω–æ–≤–∞—è —Å–∞–Ω—Ç–µ—Ö–Ω–∏–∫–∞,                                             –∫–æ–º–Ω–∞—Ç—ã –∏–∑–æ–ª–∏—Ä–æ–≤–∞–Ω—ã,                                             —Ç–∏—Ö–∏–π –¥–≤–æ—Ä",–≤–æ–∑–º–æ–∂–Ω–æ –ø–æ–¥–∫–ª—é—á–µ–Ω–∏–µ,,,—Å–æ–≤–º–µ—â–µ–Ω–Ω—ã–π,–ì—É–ª—å–Ω–∞–∑,"–ì–£–ú, –¶–£–ú 
–î–æ—Ä–¥–æ–π –ü–ª–∞–∑–∞, 
–ê–ª–∞–º–µ–¥ —Ä—ã–Ω–æ–∫ –≤ 5 –º–∏–Ω—É—Ç–∞—Ö –≤ —Ä–∞–¥–∏—É—Å–µ 

–ù–æ–≤—ã–π –ú–µ—á–∏—Ç,–¶–µ–Ω—Ç—Ä–∞–ª—å–Ω—ã–π –º–µ—á–∏—Ç –≤ 600–º

–®–∫–æ–ª—ã 4, 12 
 –°–∞–¥–∏–∫–∏‚Ä¶. –°—Ä–æ—á–Ω–æ –ø—Ä–æ–¥–∞—é! 1 –∫–æ–º.–∫–≤. 30–º2 –∏–Ω–¥–∏–≤–∏–¥—É–∞–ª—å–Ω–æ–π –ø–ª–∞–Ω–∏—Ä–æ–≤–∫–∏ 
–°—Ä–æ—á–Ω–æ –ø—Ä–æ–¥–∞–µ—Ç—Å—è 1 –∫–æ–º–Ω–∞—Ç–Ω–∞—è –ø–æ–ª–Ω–æ—Ü–µ–Ω–Ω–∞—è –∫–≤–∞—Ä—Ç–∏—Ä–∞, –≤ —Ü–µ–Ω—Ç—Ä–µ –≥–æ—Ä–æ–¥–∞
–ñ–∏—Ç—å –Ω–∞–¥–æ —Ç–∞–º, –≥–¥–µ –∫–æ–º—Ñ–æ—Ä—Ç–Ω–æ! –¢—Ä–µ—Ö —ç—Ç–∞–∂–Ω—ã–π –¥–æ–º, —Å —É–¥–æ–±–Ω–æ–π –ª–æ–∫–∞—Ü–∏–µ–π –∏ –ø—Ä–æ—Å—Ç–æ—Ä–Ω—ã–º–∏ –∫–≤–∞—Ä—Ç–∏—Ä–∞–º–∏ –Ω–µ—Å–æ–º–Ω–µ–Ω–Ω–æ –ø–æ–¥–æ–π–¥—ë—Ç –¥–ª—è –≤—Å–µ—Ö.
–ü—Ä–µ–∏–º—É—â–µ—Å—Ç–≤–∞ –¥–æ–º–∞:
*–ë—Ä–æ–Ω–∏—Ä–æ–≤–∞–Ω–Ω—ã–µ –¥–≤–µ—Ä–∏ —Ä–æ—Å—Å–∏–π—Å–∫–æ–≥–æ –ø—Ä–æ–∏–∑–≤–æ–¥—Å—Ç–≤–∞
*4 –∫–∞–º–µ—Ä–Ω–æ–µ –æ—Å—Ç–µ–∫–ª–µ–Ω–∏–µ, –æ–∫–Ω–∞ —Ç—É—Ä–µ—Ü–∫–æ–≥–æ –ø—Ä–æ–∏–∑–≤–æ–¥—Å—Ç–≤–∞
*–ù–∞—Ä—É–∂–Ω–æ–µ —É—Ç–µ–ø–ª–µ–Ω–∏–µ —Ç–µ–ø–ª–æ–∑–≤—É–∫–æ–∏–∑–æ–ª—è—Ü–∏–æ–Ω–Ω—ã–º–∏ –ø–ª–∏—Ç–∞–º–∏ Euro-–¢–∏–∑–æ–ª
*–£—Ç–µ–ø–ª—ë–Ω–Ω—ã–µ –ø–∞–Ω–µ–ª–∏
*–û–±—â–∞—è 30 –º2
*–°–∞–Ω—É–∑–µ–ª —Å–æ–≤–º–µ—â–µ–Ω
* –ì–æ—Ç–æ–≤–∞—è –∫–≤, –∑–∞—Ö–æ–¥–∏ –∏ –∂–∏–≤–∏!!!
—Å–¥–∞—á–∞ –≤ –∫–æ–Ω—Ü–µ –º–µ—Å—è—Ü–∞ 
*–û—Ç–æ–ø–ª–µ–Ω–∏–µ —ç–ª–µ–∫—Ç—Ä–∏—á–µ—Å—Ç–≤–æ
*–í—Å–µ –∫–æ–º–º—É–Ω–∏–∫–∞—Ü–∏–∏ —Ü–µ–Ω—Ç—Ä–∞–ª—å–Ω—ã–µ
*–î–æ–≥–æ–≤–æ—Ä –∫—É–ø–ª–∏ –ø—Ä–æ–¥–∞–∂–∏, –ö—Ä–∞—Å–Ω–∞—è –∫–Ω–∏–≥–∞ ( –≤—Å–µ —Ä–∞–∑—Ä–µ—à–∏—Ç–µ–ª—å–Ω—ã–µ –¥–æ–∫—É–º–µ–Ω—Ç—ã –Ω–∞ —Ä—É–∫–∞—Ö, –º–æ–∂–µ–º –ø—Ä–µ–¥–æ—Å—Ç–∞–≤–∏—Ç—å)
–í —à–∞–≥–æ–≤–æ–π –¥–æ—Å—Ç—É–ø–Ω–æ—Å—Ç–∏ —à–∫–æ–ª—ã, –¥–µ—Ç—Å–∫–∏–µ —Å–∞–¥—ã, –º–∞–≥–∞–∑–∏–Ω—ã, –∞–ø—Ç–µ–∫–∏, –ø–∞—Ä–∏–∫–º–∞—Ö–µ—Ä—Å–∫–∏–µ, –∏ —Ç.–¥.
–û—Ç–ª–∏—á–Ω–∞—è —Ç—Ä–∞–Ω—Å–ø–æ—Ä—Ç–Ω–∞—è —Ä–∞–∑–≤—è–∑–∫–∞!",,74.6268,42.8832,https://www.house.kg/details/515492365e7189104ec31-94907944
"3-–∫–æ–º–Ω. –∫–≤., 64 –º2",–æ—Ç —Å–æ–±—Å—Ç–≤–µ–Ω–Ω–∏–∫–∞,8 189 710 —Å–æ–º,3787,23,"–ë–∏—à–∫–µ–∫, –ú–∞–≥–∏—Å—Ç—Ä–∞–ª—å, –ú–∞–≥–∏—Å—Ç—Ä–∞–ª—å/–°—É—Ö—ç –ë–∞—Ç–æ—Ä–∞","–ñ–∏–ª–æ–π –∫–æ–º–ø–ª–µ–∫—Å ""Kut Tower""",12 —ç—Ç–∞–∂ –∏–∑ 15,,—ç–ª–∏—Ç–∫–∞,"–º–æ–Ω–æ–ª–∏—Ç–Ω—ã–π, 2022 –≥.",–î–æ–±–∞–≤–ª–µ–Ω–æ 24 –¥–Ω—è –Ω–∞–∑–∞–¥,–µ–≤—Ä–æ—Ä–µ–º–æ–Ω—Ç,3 –º.,–∞–≤—Ç–æ–Ω–æ–º–Ω—ã–π,–¥–æ–≥–æ–≤–æ—Ä –¥–æ–ª–µ–≤–æ–≥–æ —É—á–∞—Å—Ç–∏—è,–Ω–∞ –≥–∞–∑–µ,—Ä—è–¥–æ–º –æ—Ö—Ä–∞–Ω—è–µ–º–∞—è —Å—Ç–æ—è–Ω–∫–∞,,,,–±—Ä–æ–Ω–∏—Ä–æ–≤–∞–Ω–Ω–∞—è,,,"–Ω–µ—É–≥–ª–æ–≤–∞—è,                                             —Ç–∏—Ö–∏–π –¥–≤–æ—Ä,                                             –Ω–æ–≤–∞—è —Å–∞–Ω—Ç–µ—Ö–Ω–∏–∫–∞,                                             –∫—É—Ö–Ω—è-—Å—Ç—É–¥–∏—è,                                             –ø–ª–∞—Å—Ç–∏–∫–æ–≤—ã–µ –æ–∫–Ω–∞,                                             –∫–æ–º–Ω–∞—Ç—ã –∏–∑–æ–ª–∏—Ä–æ–≤–∞–Ω—ã",,,,2 —Å/—É –∏ –±–æ–ª–µ–µ,–ü–æ–ª—å–∑–æ–≤–∞—Ç–µ–ª—å,"–í —Å—Ä–æ—á–Ω–æ–π –ø—Ä–æ–¥–∞–∂–µ 3-—Ö –∫–æ–º–Ω–∞—Ç–Ω–∞—è –∫–≤–∞—Ä—Ç–∏—Ä–∞ —Å—Ç—É–¥–∏—è –≤ —Å–∞–º–æ–º —ç–∫–æ–ª–æ–≥–∏—á–µ—Å–∫–∏ —á–∏—Å—Ç–æ–º, –ø—Ä–µ—Å—Ç–∏–∂–Ω–æ–º —Ä–∞–π–æ–Ω–µ –≥.–ë–∏—à–∫–µ–∫ 

–°—É—Ö—ç-–ë–∞—Ç–æ—Ä–∞/–ú–∞–≥–∏—Å—Ç—Ä–∞–ª—å 
–°–ö –ö—É—Ç –°—Ç—Ä–æ–π –ñ–ö ¬´KUT TOWER¬ª
–ü–†–ï–ú–ò–£–ú –ö–õ–ê–°–°
–ü–ª–æ—â–∞–¥—å - 64–º2
12 —ç—Ç–∞–∂ –∏–∑ 16 
–û—Ç–æ–ø–ª–µ–Ω–∏–µ –≥–∞–∑–æ–≤–æ–µ, —Å–≤–æ—è –∫–æ—Ç–µ–ª—å–Ω–∞—è 
–°–≤–µ–∂–∏–π –∫–∞—á–µ—Å—Ç–≤–µ–Ω–Ω—ã–π –¥–∏–∑–∞–π–Ω–µ—Ä—Å–∫–∏–π —Ä–µ–º–æ–Ω—Ç 
–®–∏–∫–∞—Ä–Ω—ã–π –≤–∏–¥ –Ω–∞ –≥–æ—Ä—ã
–í —à–∞–≥–æ–≤–æ–π –¥–æ—Å—Ç—É–ø–Ω–æ—Å—Ç–∏ —à–∫–æ–ª–∞ –ì–∞–∑–ø—Ä–æ–º, Tommi Mall, Globus, –≤—Å–µ –Ω–µ–æ–±—Ö–æ–¥–∏–º–æ–µ –∏ –∂–µ–ª–∞–µ–º–æ–µ! 
–¶–µ–Ω–∞ 97000$ –µ—Å—Ç—å –Ω–µ–±–æ–ª—å—à–æ–π —Ç–æ—Ä–≥ 
–ü–æ–∫–∞–∑ –≤ –ª—é–±–æ–µ —É–¥–æ–±–Ω–æ–µ –¥–ª—è –≤–∞—Å –≤—Ä–µ–º—è!
–ó–≤–æ–Ω–∏—Ç–µ","–≠—Ç–∞ –∫–≤–∞—Ä—Ç–∏—Ä–∞ –Ω–∞ 27.42% –¥–µ—à–µ–≤–ª–µ –ø–æ—Ö–æ–∂–∏—Ö
–¶–µ–Ω–∞ –∑–∞ –º2 —ç—Ç–æ–π –∫–≤–∞—Ä—Ç–∏—Ä—ã –Ω–∞ 21.28% –¥–æ—Ä–æ–∂–µ –ø–æ—Ö–æ–∂–∏—Ö",74.6152,42.8228,https://www.house.kg/details/932931666cc8a829eae46-90673208
"1-–∫–æ–º–Ω. –∫–≤., 41 –º2",–æ—Ç —Å–æ–±—Å—Ç–≤–µ–Ω–Ω–∏–∫–∞,3 520 731 —Å–æ–º,13256,32,"—Å. –ö–æ–∫-–î–∂–∞—Ä, –º–∫—Ä. –ö–æ–∫ –ñ–∞—Ä",–ñ–ö –ê–õ–ê –¢–û–û,14 —ç—Ç–∞–∂ –∏–∑ 14,,—ç–ª–∏—Ç–∫–∞,"–º–æ–Ω–æ–ª–∏—Ç–Ω—ã–π, 2024 –≥.",–î–æ–±–∞–≤–ª–µ–Ω–æ 5 –º–µ—Å—è—Ü–µ–≤ –Ω–∞–∑–∞–¥,–ø–æ–¥ —Å–∞–º–æ–æ—Ç–¥–µ–ª–∫—É (–ø—Å–æ),3 –º.,,,–Ω–∞ –≥–∞–∑–µ,,–æ–±–º–µ–Ω –Ω–∞ –∞–≤—Ç–æ,–Ω–µ—Ç,"<div class=""label"">–í–æ–∑–º–æ–∂–Ω–æ—Å—Ç—å —Ä–∞—Å—Å—Ä–æ—á–∫–∏</div>",,,,,,,,,–ü–æ–ª—å–∑–æ–≤–∞—Ç–µ–ª—å,"–ê–ª–º–∞–∞—Ç–∏–Ω–∫–∞ –º–∞–≥–∏—Å—Ç—Ä–∞–ª—å —Å–¥–∞—á–∞ –ü–°–û –∞–≤–≥—É—Å—Ç-—Å–µ–Ω—Ç—è–±—Ä—å  –∫–≤–∞—Ä—Ç–∏—Ä–∞ –æ—Ñ–æ—Ä–º–ª–µ–Ω–∞ –≤ –ì–æ—Å—Ä–µ–≥–∏—Å—Ç—Ä–µ —Å–æ–±—Å—Ç–≤–µ–Ω–Ω–∏–∫ –±–ª–æ–∫ –í —Å–æ–ª–Ω–µ—á–Ω–∞—è —Å—Ç–æ—Ä–æ–Ω–∞ ,–û–ë–ú–ï–ù 1100$–ó–ê –ö–í/–ú
41√ó1100=45100$ 
–ñ–ö –ê–õ–ê–¢–û–û
–ï–õ–ï–ì–ê–ù–° –°–¢–†–û–ô","–≠—Ç–∞ –∫–≤–∞—Ä—Ç–∏—Ä–∞ –Ω–∞ 4.14% –¥–µ—à–µ–≤–ª–µ –ø–æ—Ö–æ–∂–∏—Ö
–¶–µ–Ω–∞ –∑–∞ –º2 —ç—Ç–æ–π –∫–≤–∞—Ä—Ç–∏—Ä—ã –Ω–∞ 2.4% –¥–æ—Ä–æ–∂–µ –ø–æ—Ö–æ–∂–∏—Ö",74.649,42.8206,https://www.house.kg/details/7882325661bf9c3a0de10-06046349
"1-–∫–æ–º–Ω. –∫–≤., 65 –º2",–æ—Ç —Å–æ–±—Å—Ç–≤–µ–Ω–Ω–∏–∫–∞,7 598 700 —Å–æ–º,3387,18,"–ë–∏—à–∫–µ–∫, –ê–∫–∞–¥–µ–º–∏—è –ù–∞—É–∫, –¢—É—Ä—É—Å–±–µ–∫–æ–≤–∞ 88/2/–ü—É—à–∫–∏–Ω–∞",,2 —ç—Ç–∞–∂ –∏–∑ 9,–ø–æ–ª–Ω–æ—Å—Ç—å—é –º–µ–±–ª–∏—Ä–æ–≤–∞–Ω–∞,—ç–ª–∏—Ç–∫–∞,"–∫–∏—Ä–ø–∏—á–Ω—ã–π, 2017 –≥.",–î–æ–±–∞–≤–ª–µ–Ω–æ 2 –º–µ—Å—è—Ü–∞ –Ω–∞–∑–∞–¥,–µ–≤—Ä–æ—Ä–µ–º–æ–Ω—Ç,3000 –º.,–º–∞–≥–∏—Å—Ç—Ä–∞–ª—å–Ω—ã–π,—Ç–µ—Ö–Ω–∏—á–µ—Å–∫–∏–π –ø–∞—Å–ø–æ—Ä—Ç,—Ü–µ–Ω—Ç—Ä–∞–ª—å–Ω–æ–µ,—Ä—è–¥–æ–º –æ—Ö—Ä–∞–Ω—è–µ–º–∞—è —Å—Ç–æ—è–Ω–∫–∞,,,,–±—Ä–æ–Ω–∏—Ä–æ–≤–∞–Ω–Ω–∞—è,–∑–∞—Å—Ç–µ–∫–ª–µ–Ω–Ω—ã–π –±–∞–ª–∫–æ–Ω,–ª–∞–º–∏–Ω–∞—Ç,"–ø–ª–∞—Å—Ç–∏–∫–æ–≤—ã–µ –æ–∫–Ω–∞,                                             –∫–æ–Ω–¥–∏—Ü–∏–æ–Ω–µ—Ä,                                             –Ω–æ–≤–∞—è —Å–∞–Ω—Ç–µ—Ö–Ω–∏–∫–∞,                                             –∫–æ–º–Ω–∞—Ç—ã –∏–∑–æ–ª–∏—Ä–æ–≤–∞–Ω—ã,                                             –≤—Å—Ç—Ä–æ–µ–Ω–Ω–∞—è –∫—É—Ö–Ω—è",,–æ–ø—Ç–∏–∫–∞,"–¥–æ–º–æ—Ñ–æ–Ω,                                             –æ—Ö—Ä–∞–Ω–∞,                                             –≤–∏–¥–µ–æ–Ω–∞–±–ª—é–¥–µ–Ω–∏–µ",—Å–æ–≤–º–µ—â–µ–Ω–Ω—ã–π,–ê–≤—Å,"–ü—Ä–æ–¥–∞—é 1 –∫–æ–º–Ω –∫–í –≤  —Ü–µ–Ω—Ç—Ä–µ –≥–æ—Ä–æ–¥–∞, —Ä–∞–π–æ–Ω –§–∏–ª–∞—Ä–º–æ–Ω–∏–∏. 
65 –º2, 2 —ç—Ç–∞–∂ –∏–∑ 9.","–≠—Ç–∞ –∫–≤–∞—Ä—Ç–∏—Ä–∞ –Ω–∞ 22.45% –¥–æ—Ä–æ–∂–µ –ø–æ—Ö–æ–∂–∏—Ö
–¶–µ–Ω–∞ –∑–∞ –º2 —ç—Ç–æ–π –∫–≤–∞—Ä—Ç–∏—Ä—ã –Ω–∞ 2.7% –¥–æ—Ä–æ–∂–µ –ø–æ—Ö–æ–∂–∏—Ö",74.5837,42.878,https://www.house.kg/details/57911206696872570f698-65777833
"2-–∫–æ–º–Ω. –∫–≤., 53 –º2",–æ—Ç –∞–≥–µ–Ω—Ç–∞,5 276 875 —Å–æ–º,560,10,"–ë–∏—à–∫–µ–∫, –ß—É–π - –ê–ª–º–∞—Ç–∏–Ω–∫–∞, –®–∞–±–¥–∞–Ω –ë–∞–∞—Ç—ã—Ä–∞ 99/2",,3 —ç—Ç–∞–∂ –∏–∑ 5,–ø–æ–ª–Ω–æ—Å—Ç—å—é –º–µ–±–ª–∏—Ä–æ–≤–∞–Ω–∞,–∏–Ω–¥–∏–≤–∏–¥. –ø–ª–∞–Ω–∏—Ä–æ–≤–∫–∞,"–∫–∏—Ä–ø–∏—á–Ω—ã–π, 2018 –≥.",–î–æ–±–∞–≤–ª–µ–Ω–æ 5 –¥–Ω–µ–π –Ω–∞–∑–∞–¥,–µ–≤—Ä–æ—Ä–µ–º–æ–Ω—Ç,3 –º.,–º–∞–≥–∏—Å—Ç—Ä–∞–ª—å–Ω—ã–π,"–¥–æ–≥–æ–≤–æ—Ä –∫—É–ø–ª–∏-–ø—Ä–æ–¥–∞–∂–∏,                                             —Ç–µ—Ö–Ω–∏—á–µ—Å–∫–∏–π –ø–∞—Å–ø–æ—Ä—Ç",—Ü–µ–Ω—Ç—Ä–∞–ª—å–Ω–æ–µ,—Ä—è–¥–æ–º –æ—Ö—Ä–∞–Ω—è–µ–º–∞—è —Å—Ç–æ—è–Ω–∫–∞,–æ–±–º–µ–Ω –Ω–µ –ø—Ä–µ–¥–ª–∞–≥–∞—Ç—å,,,,–Ω–µ—Ç,–ª–∞–º–∏–Ω–∞—Ç,"—É–ª—É—á—à–µ–Ω–Ω–∞—è,                                             –ø–ª–∞—Å—Ç–∏–∫–æ–≤—ã–µ –æ–∫–Ω–∞,                                             –Ω–æ–≤–∞—è —Å–∞–Ω—Ç–µ—Ö–Ω–∏–∫–∞,                                             –∫—É—Ö–Ω—è-—Å—Ç—É–¥–∏—è,                                             –∫–æ–Ω–¥–∏—Ü–∏–æ–Ω–µ—Ä,                                             –≤—Å—Ç—Ä–æ–µ–Ω–Ω–∞—è –∫—É—Ö–Ω—è",,,"—Ä–µ—à–µ—Ç–∫–∏ –Ω–∞ –æ–∫–Ω–∞—Ö,                                             –¥–æ–º–æ—Ñ–æ–Ω,                                             –≤–∏–¥–µ–æ–Ω–∞–±–ª—é–¥–µ–Ω–∏–µ",—Å–æ–≤–º–µ—â–µ–Ω–Ω—ã–π,–ë—é—Ä–æ –ù–µ–¥–≤–∏–∂–∏–º–æ—Å—Ç–∏,"–°—Ä–æ—á–Ω–æ –ø—Ä–æ–¥–∞–µ—Ç—Å—è –ø–æ —Ü–µ–Ω–µ –Ω–∏–∂–µ —Ä—ã–Ω–∫–∞
2—Ö –∫–æ–º–Ω–∞—Ç–Ω–∞—è –∫–≤–∞—Ä—Ç–∏—Ä–∞ —Å—Ç—É–¥–∏—è –ø–æ–ª–Ω–æ—Å—Ç—å—é —É–ø–∞–∫–æ–≤–∞–Ω–Ω–∞—è
–≠—Ç–∞–∂ 3
–≠—Ç–∞–∂–Ω–æ—Å—Ç—å 5
–ì–æ–¥ –ø–æ—Å—Ç—Ä–æ–π–∫–∏ 2018
–¢–∏–ø —Å—Ç—Ä–æ–µ–Ω–∏—è:–∏–Ω–¥–∏–≤–∏–¥—É–∞–ª—å–Ω–∞—è —Å–µ—Ä–∏—è
–û–∫–Ω–∞ –ø–ª–∞—Å—Ç–∏–∫
–†–∞—Å–ø–æ–ª–æ–∂–µ–Ω–∏–µ –æ–∫–æ–Ω:–Æ–ì/–ó–∞–ø–∞–¥
–¶–µ–Ω—Ç—Ä–∞–ª—å–Ω–æ–µ –æ—Ç–æ–ø–ª–µ–Ω–∏–µ 
–° –º–µ–±–µ–ª—å—é –∏ —Ç–µ—Ö–Ω–∏–∫–æ–π
–õ–æ–∫–∞—Ü–∏—è:–ß—É–π/–ê–ª–º–∞ –ê—Ç–∏–Ω–∫–∞
–†—è–¥–æ–º –ê–∫–∞–¥–µ–º–∏—è —Ç—É—Ä–∏–∑–º–∞,—Å–ª–∞–≤—è–Ω—Å–∫–∏–π —É–Ω–∏–≤–µ—Ä—Å–∏—Ç–µ—Ç,100–¥–µ—Ç—Å–∫–∏–π —Å–∞–¥, —Ä—ã–Ω–æ–∫ –ú–∞–¥–∏–Ω–∞ 

–¶–µ–Ω–∞ 63000
0507777313,0999001978","–≠—Ç–∞ –∫–≤–∞—Ä—Ç–∏—Ä–∞ –Ω–∞ 9.36% –¥–æ—Ä–æ–∂–µ –ø–æ—Ö–æ–∂–∏—Ö
–¶–µ–Ω–∞ –∑–∞ –º2 —ç—Ç–æ–π –∫–≤–∞—Ä—Ç–∏—Ä—ã –Ω–∞ 5.67% –¥–µ—à–µ–≤–ª–µ –ø–æ—Ö–æ–∂–∏—Ö",74.6393,42.8755,https://www.house.kg/details/810419266e57203ecd7f9-04553254
"3-–∫–æ–º–Ω. –∫–≤., 112 –º2",–æ—Ç —Å–æ–±—Å—Ç–≤–µ–Ω–Ω–∏–∫–∞,19 250 040 —Å–æ–º,344,3,"–ë–∏—à–∫–µ–∫, –í–æ–µ–Ω—Ç–æ—Ä–≥",,5 —ç—Ç–∞–∂ –∏–∑ 10,,—ç–ª–∏—Ç–∫–∞,–∫–∏—Ä–ø–∏—á–Ω—ã–π,–î–æ–±–∞–≤–ª–µ–Ω–æ 1 –¥–µ–Ω—å –Ω–∞–∑–∞–¥,–µ–≤—Ä–æ—Ä–µ–º–æ–Ω—Ç,,,,,,,,,,,,,,,,,–ü–æ–ª—å–∑–æ–≤–∞—Ç–µ–ª—å,"–ü—Ä–æ–¥–∞–µ—Ç—Å—è –ù–æ–≤–∞—è 3 –ö–æ–º–Ω–∞—Ç–Ω–∞—è –ö–≤–∞—Ä—Ç–∏—Ä–∞ –≤
–ó–æ–ª–æ—Ç–æ–º –ö–≤–∞–¥—Ä–∞—Ç–µ.
‚ÇΩ –¢–æ–≥–æ–ª–æ–∫ –ú–æ–ª–¥–æ / –ö–∏–µ–≤—Å–∫–∞—è
‚Ä¢ –ñ–∏–ª–æ–π –∫–æ–º–ø–ª–µ–∫—Å ""Promenade""
‚Ä¢ –í—Å–µ –∫–æ–º–º—É–Ω–∏–∫–∞—Ü–∏–∏ —Ü–µ–Ω—Ç—Ä–∞–ª—å–Ω—ã–µ
‚Ä¢ 3 –∫–≤–∞—Ä—Ç–∏—Ä—ã –Ω–∞ –ø–ª–æ—â–∞–¥–∫–µ
‚Ä¢ –¢–µ—Ö –ø–∞—Å–ø–æ—Ä—Ç,–¥–æ–º –Ω–∞ –∫—Ä–∞—Å–Ω–æ–π –∫–Ω–∏–≥–µ
‚Ä¢ –Æ—Ä–∏–¥–∏—á–µ—Å–∫–∏—Ö –Ω—é–∞–Ω—Å–æ–≤ –Ω–µ—Ç
‚Ä¢ 112–º2 —Å –¥–∏–∑–∞–π–Ω–µ—Ä—Å–∫–∏–º —Ä–µ–º–æ–Ω—Ç–æ–º
‚Ä¢ –° –∫–∞—á–µ—Å—Ç–≤–µ–Ω–Ω—ã–º–∏ –º–∞—Ç–µ—Ä–∏–∞–ª–∞–º–∏
‚Ä¢ –ö–≤–∞—Ä—Ç–∏—Ä–∞ –Ω–∞ 5 —ç—Ç–∞–∂–µ –∏–∑ 10
‚Ä¢ –°–∫–≤–æ–∑–Ω–∞—è –ø–ª–∞–Ω–∏—Ä–æ–≤–∫–∞,–≤–æ—Å—Ç–æ–∫,–∑–∞–ø–∞–¥
‚Ä¢ –° –æ—Ç–ª–∏—á–Ω—ã–º –æ–±–∑–æ—Ä–æ–º –Ω–∞ –≥–æ—Ä–æ–¥
‚Ä¢ –í—Å–µ –Ω–æ–≤–æ–µ,–Ω–∏–∫—Ç–æ –Ω–µ –∂–∏–ª
‚Ä¢ –î–æ—Ä–æ–≥–∞—è –º–µ–±–µ–ª—å –∏–∑ –º–∞—Å—Å–∏–≤–∞ –∏ –º–¥–æ
‚Ä¢ –°–ø–∞–ª—å–Ω—è —Å –≥–∞—Ä–¥–µ—Ä–æ–±–Ω–æ–π –∏ –±–∞–ª–∫–æ–Ω–æ–º
‚Ä¢ –†–∞–∑–¥–µ–ª—å–Ω—ã–π —Å–∞–Ω —É–∑–µ–ª
‚Ä¢ –ü—Ä–æ–¥–∞–∂–∞ –±–µ–∑ –ø–æ—Å—Ä–µ–¥–Ω–∏–∫–æ–≤","–≠—Ç–∞ –∫–≤–∞—Ä—Ç–∏—Ä–∞ –Ω–∞ 24.93% –¥–æ—Ä–æ–∂–µ –ø–æ—Ö–æ–∂–∏—Ö
–¶–µ–Ω–∞ –∑–∞ –º2 —ç—Ç–æ–π –∫–≤–∞—Ä—Ç–∏—Ä—ã –Ω–∞ 23.7% –¥–æ—Ä–æ–∂–µ –ø–æ—Ö–æ–∂–∏—Ö",74.5958,42.8737,https://www.house.kg/details/238068666eab8aaaf4a86-14990337
"3-–∫–æ–º–Ω. –∫–≤., 106 –º2",–æ—Ç —Å–æ–±—Å—Ç–≤–µ–Ω–Ω–∏–∫–∞,21 951 800 —Å–æ–º,542,6,"–ë–∏—à–∫–µ–∫, –°—Ç–∞—Ä—ã–π –∞—ç—Ä–æ–ø–æ—Ä—Ç, –ø—Ä. –ß–∏–Ω–≥–∏–∑–∞ –ê–π—Ç–º–∞—Ç–æ–≤–∞ 93/1",–ê–∫-–ö–µ–º–µ,6 —ç—Ç–∞–∂ –∏–∑ 10,,—ç–ª–∏—Ç–∫–∞,"–º–æ–Ω–æ–ª–∏—Ç–Ω—ã–π, 2018 –≥.",–î–æ–±–∞–≤–ª–µ–Ω–æ 2 –¥–Ω—è –Ω–∞–∑–∞–¥,–µ–≤—Ä–æ—Ä–µ–º–æ–Ω—Ç,3.2 –º.,,"—Ç–µ—Ö–Ω–∏—á–µ—Å–∫–∏–π –ø–∞—Å–ø–æ—Ä—Ç,                                             –¥–æ–≥–æ–≤–æ—Ä –∫—É–ø–ª–∏-–ø—Ä–æ–¥–∞–∂–∏",—Ü–µ–Ω—Ç—Ä–∞–ª—å–Ω–æ–µ,,,,,,,,,,,,,–ü–æ–ª—å–∑–æ–≤–∞—Ç–µ–ª—å,"–ü—Ä–æ–¥–∞–µ—Ç—Å—è 3—Ö –∫–æ–º–Ω–∞—Ç–Ω–∞—è —Å—Ç—É–¥–∏—è.
–î–∏–∑–∞–π–Ω–µ—Ä—Å–∫–∏–º –ø—Ä–æ–µ–∫—Ç–æ–º.
–ò–¥–µ–∞–ª—å–Ω–æ–µ —Ä–∞—Å–ø–æ–ª–æ–∂–µ–Ω–∏–µ —Ä—è–¥–æ–º —Å –ø–æ—Å–æ–ª—å—Å—Ç–≤–æ–º —Å –ö–∞–∑–∞—Ö—Å—Ç–∞–Ω–∞ –∏ –ø–∞—Ä–∫ –´–Ω—Ç—ã–º–∞–∫.
–®–∞–≥–æ–≤–æ–π –¥–æ—Å—Ç—É–ø–Ω–æ—Å—Ç–∏ —à–∫–æ–ª–∞ OXFORD, –ø–∞—Ä–∫ –´–Ω—Ç—ã–º–∞–∫1,2, –¢–¶ –ê–õ–ê-–ê–†–ß–ê, —Å—Ç–∞—Ä—ã–π –∞—ç—Ä–æ–ø–æ—Ä—Ç.
–í—Å—è –º–µ–±–µ–ª—å –∏ –±—ã—Ç–æ–≤–∞—è —Ç–µ—Ö–Ω–∏–∫–∞ –æ—Å—Ç–∞–µ—Ç—Å—è.
–í—Å–µ —É—Å–ª–æ–≤–∏—è –¥–ª—è –∂–∏–ª—å—è. –ö–∞–º–µ—Ä—ã –≤–Ω—É—Ç—Ä–∏ –¥–æ–º–∞ –∏ –Ω–∞ —Å–≤–æ–µ–º —ç—Ç–∞–∂–µ.
–ì–∞–∑ –∏–º–µ–µ—Ç—Å—è.
–û—Ç–æ–ø–ª–µ–Ω–∏–µ —á–∞—Å—Ç–Ω–æ–µ.
–ò–¥–µ–∞–ª—å–Ω—ã–π –æ–≥—Ä–æ–º–Ω—ã–π –¥–µ—Ç—Å–∫–∏–π –¥–≤–æ—Ä. 
–î–≤–∞ —Å–∞–Ω —É–∑–ª–∞.
–ì–∞—Ä–¥–µ—Ä–æ–±–Ω–∞—è –∏ —Å–∫–ª–∞–¥—Å–∫–æ–µ –ø–æ–º–µ—â–µ–Ω–∏–µ –∏–º–µ–µ—Ç—Å—è.
–¶–µ–Ω–∞ 260.000$
–ê–¥—Ä–µ—Å –ß.–ê–π—Ç–º–∞—Ç–æ–≤–∞ 93/1 –±–ª–æ–∫ 3","–≠—Ç–∞ –∫–≤–∞—Ä—Ç–∏—Ä–∞ –Ω–∞ 71.23% –¥–æ—Ä–æ–∂–µ –ø–æ—Ö–æ–∂–∏—Ö
–¶–µ–Ω–∞ –∑–∞ –º2 —ç—Ç–æ–π –∫–≤–∞—Ä—Ç–∏—Ä—ã –Ω–∞ 79.68% –¥–æ—Ä–æ–∂–µ –ø–æ—Ö–æ–∂–∏—Ö",74.5844,42.8365,https://www.house.kg/details/564161366e955346757e7-36829666
"4-–∫–æ–º–Ω. –∫–≤., 123 –º2",–æ—Ç —Å–æ–±—Å—Ç–≤–µ–Ω–Ω–∏–∫–∞,8 443 000 —Å–æ–º,309,3,"–ë–∏—à–∫–µ–∫, –°—Ä–µ–¥–Ω–∏–π –î–∂–∞–ª –º-–Ω, –î–∂–∞–ª 23 16/–¢—ã–Ω–∞–ª–∏–µ–≤–∞",,2 —ç—Ç–∞–∂ –∏–∑ 9,—á–∞—Å—Ç–∏—á–Ω–æ –º–µ–±–ª–∏—Ä–æ–≤–∞–Ω–∞,106 —Å–µ—Ä–∏—è —É–ª—É—á—à–µ–Ω–Ω–∞—è,"–ø–∞–Ω–µ–ª—å–Ω—ã–π, 1988 –≥.",–î–æ–±–∞–≤–ª–µ–Ω–æ 5 —á–∞—Å–æ–≤ –Ω–∞–∑–∞–¥,—Ö–æ—Ä–æ—à–µ–µ,3 –º.,–∞–≤—Ç–æ–Ω–æ–º–Ω—ã–π,–¥–æ–≥–æ–≤–æ—Ä –∫—É–ø–ª–∏-–ø—Ä–æ–¥–∞–∂–∏,—Ü–µ–Ω—Ç—Ä–∞–ª—å–Ω–æ–µ,—Ä—è–¥–æ–º –æ—Ö—Ä–∞–Ω—è–µ–º–∞—è —Å—Ç–æ—è–Ω–∫–∞,,–µ—Å—Ç—å,"<div class=""label"">–í–æ–∑–º–æ–∂–Ω–æ—Å—Ç—å —Ä–∞—Å—Å—Ä–æ—á–∫–∏</div>",–±—Ä–æ–Ω–∏—Ä–æ–≤–∞–Ω–Ω–∞—è,–∑–∞—Å—Ç–µ–∫–ª–µ–Ω–Ω—ã–π –±–∞–ª–∫–æ–Ω,,"–ø–ª–∞—Å—Ç–∏–∫–æ–≤—ã–µ –æ–∫–Ω–∞,                                             —É–ª—É—á—à–µ–Ω–Ω–∞—è,                                             –∫–æ–Ω–¥–∏—Ü–∏–æ–Ω–µ—Ä,                                             –∫–æ–º–Ω–∞—Ç—ã –∏–∑–æ–ª–∏—Ä–æ–≤–∞–Ω—ã,                                             –∫–ª–∞–¥–æ–≤–∫–∞,                                             —Ç–∏—Ö–∏–π –¥–≤–æ—Ä",–≤–æ–∑–º–æ–∂–Ω–æ –ø–æ–¥–∫–ª—é—á–µ–Ω–∏–µ,,"—Ä–µ—à–µ—Ç–∫–∏ –Ω–∞ –æ–∫–Ω–∞—Ö,                                             –¥–æ–º–æ—Ñ–æ–Ω",2 —Å/—É –∏ –±–æ–ª–µ–µ,–ü–æ–ª—å–∑–æ–≤–∞—Ç–µ–ª—å,"‚ÄºÔ∏è–°—Ä–æ—á–Ω–æ ‚ÄºÔ∏è
üè¢ –ü—Ä–æ–¥–∞—é 4 - –∫–æ–º–Ω–∞—Ç—É—é –∫–≤–∞—Ä—Ç–∏—Ä—É —Å —Å—É—à–∏–ª–∫–æ–π –±–µ–∑ –ø–æ—Å—Ä–µ–¥–Ω–∏–∫–æ–≤ (—Ö–æ–∑—è–∏–Ω)
üìç–ê–¥—Ä–µ—Å: –î–∂–∞–ª 23 
üèõÔ∏è–°–µ—Ä–∏—è: 106 
üè¨–≠—Ç–∞–∂: 2 –∏–∑ 9 
üìê–ü–ª–æ—â–∞–¥—å: 92.5 
üíß–ö–æ–º–º—É–Ω–∏–∫–∞—Ü–∏–∏: –¶–µ–Ω—Ç—Ä–∞–ª—å–Ω—ã–µ 
üö™–°–æ—Å—Ç–æ—è–Ω–∏–µ –∫–≤–∞—Ä—Ç–∏—Ä—ã: –ö–æ—Å–º–µ—Ç–∏—á–µ—Å–∫–∏–π —Ä–µ–º–æ–Ω—Ç 
üñºÔ∏è–û–∫–Ω–∞: –°–∫–≤–æ–∑–Ω–∞—è –ø–ª–∞–Ω–∏—Ä–æ–≤–∫–∞ 
üöΩ–°–∞–Ω —É–∑–µ–ª: 2 
üìÉ–î–æ–∫—É–º–µ–Ω—Ç—ã: –¢–µ—Ö.–ü–∞—Å–ø–æ—Ä—Ç 
üìå–î–æ–ø –∏–Ω—Ñ–æ: –£—é—Ç–Ω–∞—è 4–∫.–∫–≤. —Å —Å—É—à–∏–ª–∫–æ–π –≤ –î–∂–∞–ª 23. –° –±–æ–ª—å—à–æ–π –¥–µ—Ç—Å–∫–æ–π –ø–ª–æ—â–∞–¥–∫–æ–π. –° —É—Ö–æ–∂–µ–Ω–Ω—ã–º –ø–æ–¥—å–µ–∑–¥–æ–º –∏ –¥—Ä—É–∂–Ω—ã–º–∏ —Å–æ—Å–µ–¥—è–º–∏. –í—Å–µ –∫–æ–º–º—É–Ω–∏–∫–∞—Ü–∏–∏ —Ü–µ–Ω—Ç—Ä–∞–ª—å–Ω—ã–µ. üíµ –¶–µ–Ω–∞: 100 000$
üì≤ –¢–µ–ª. 0500555454
               0558323535",,74.5661,42.8389,https://www.house.kg/details/957794666ebe80157cb14-70760750
"3-–∫–æ–º–Ω. –∫–≤., 115 –º2",–æ—Ç —Å–æ–±—Å—Ç–≤–µ–Ω–Ω–∏–∫–∞,13 255 510 —Å–æ–º,14506,13,"–ë–∏—à–∫–µ–∫, –°—Ç–∞—Ä—ã–π –∞—ç—Ä–æ–ø–æ—Ä—Ç, –ë–∞–∫–∞–µ–≤–∞ 132–∞/–ê—Ö—É–º–±–∞–µ–≤–∞ –ß–∞–ø–∞–µ–≤–∞",,4 —ç—Ç–∞–∂ –∏–∑ 6,—á–∞—Å—Ç–∏—á–Ω–æ –º–µ–±–ª–∏—Ä–æ–≤–∞–Ω–∞,—ç–ª–∏—Ç–∫–∞,"–º–æ–Ω–æ–ª–∏—Ç–Ω—ã–π, 2014 –≥.",–î–æ–±–∞–≤–ª–µ–Ω–æ 12 –º–µ—Å—è—Ü–µ–≤ –Ω–∞–∑–∞–¥,–µ–≤—Ä–æ—Ä–µ–º–æ–Ω—Ç,2.85 –º.,–º–∞–≥–∏—Å—Ç—Ä–∞–ª—å–Ω—ã–π,"–¥–æ–≥–æ–≤–æ—Ä –∫—É–ø–ª–∏-–ø—Ä–æ–¥–∞–∂–∏,                                             –¥–æ–≥–æ–≤–æ—Ä –¥–∞—Ä–µ–Ω–∏—è,                                             —Ç–µ—Ö–Ω–∏—á–µ—Å–∫–∏–π –ø–∞—Å–ø–æ—Ä—Ç,                                             –∞–∫—Ç –≤–≤–æ–¥–∞ –≤ —ç–∫—Å–ø–ª—É–∞—Ç–∞—Ü–∏—é,                                             –∫—Ä–∞—Å–Ω–∞—è –∫–Ω–∏–≥–∞",–∞–≤—Ç–æ–Ω–æ–º–Ω–æ–µ,–≥–∞—Ä–∞–∂,–æ–±–º–µ–Ω –Ω–µ –ø—Ä–µ–¥–ª–∞–≥–∞—Ç—å,–µ—Å—Ç—å,"<div class=""label"">–í–æ–∑–º–æ–∂–Ω–æ—Å—Ç—å —Ä–∞—Å—Å—Ä–æ—á–∫–∏</div>",–±—Ä–æ–Ω–∏—Ä–æ–≤–∞–Ω–Ω–∞—è,–ª–æ–¥–∂–∏—è,–ø–∞—Ä–∫–µ—Ç,"–ø–ª–∞—Å—Ç–∏–∫–æ–≤—ã–µ –æ–∫–Ω–∞,                                             —É–ª—É—á—à–µ–Ω–Ω–∞—è,                                             –Ω–æ–≤–∞—è —Å–∞–Ω—Ç–µ—Ö–Ω–∏–∫–∞,                                             –∫–æ–Ω–¥–∏—Ü–∏–æ–Ω–µ—Ä,                                             –Ω–µ—É–≥–ª–æ–≤–∞—è,                                             –∫–æ–º–Ω–∞—Ç—ã –∏–∑–æ–ª–∏—Ä–æ–≤–∞–Ω—ã,                                             –≤—Å—Ç—Ä–æ–µ–Ω–Ω–∞—è –∫—É—Ö–Ω—è,                                             –∫–ª–∞–¥–æ–≤–∫–∞,                                             —Ç–∏—Ö–∏–π –¥–≤–æ—Ä,                                             —É–¥–æ–±–Ω–æ –ø–æ–¥ –±–∏–∑–Ω–µ—Å",–µ—Å—Ç—å,–ø—Ä–æ–≤–æ–¥–Ω–æ–π,"–¥–æ–º–æ—Ñ–æ–Ω,                                             –≤–∏–¥–µ–æ–¥–æ–º–æ—Ñ–æ–Ω,                                             –∫–æ–¥–æ–≤—ã–π –∑–∞–º–æ–∫,                                             –≤–∏–¥–µ–æ–Ω–∞–±–ª—é–¥–µ–Ω–∏–µ",2 —Å/—É –∏ –±–æ–ª–µ–µ,–î–º–∏—Ç—Ä–∏–π,"–ü–†–û–î–ê–Å–¢–°–Ø —à–∏–∫–∞—Ä–Ω–∞—è 3-—Ö –∫–æ–º–Ω–∞—Ç–Ω–∞—è –∫–≤–∞—Ä—Ç–∏—Ä–∞ (115 –∫–≤/–º) –≤ 6-—Ç–∏ —ç—Ç–∞–∂–Ω–æ–º –¥–æ–º–µ –≤ –æ–¥–Ω–æ–º –∏–∑ —Å–∞–º—ã—Ö –°–ï–ô–°–ú–û–°–¢–û–ô–ö–ò–• —ç–∫–æ–ª–æ–≥–∏—á–µ—Å–∫–∏ —á–∏—Å—Ç—ã—Ö —Ä–∞–π–æ–Ω–æ–≤ –≥–æ—Ä–æ–¥–∞ —Å –≤–∏–¥–æ–º –Ω–∞ –≥–æ—Ä—ã –≤ —Å—Ç–æ–ª–∏—Ü–µ –ö—ã—Ä–≥—ã–∑—Å—Ç–∞–Ω–∞ –≤ –≥.–ë–∏—à–∫–µ–∫. –†–∞–π–æ–Ω —Å—Ç–∞—Ä–æ–≥–æ –∞—ç—Ä–æ–ø–æ—Ä—Ç–∞. –î–æ–º –∫–æ–º—Ñ–æ—Ä—Ç –∫–ª–∞—Å—Å–∞. –ó–∞—Å—Ç—Ä–æ–π—â–∏–∫ ¬´–ß—É–π–ë–∞—Ç—ã—à –ö—É—Ä—É–ª—É—à (–æ–ø—ã—Ç –≤ —Å—Ç—Ä–æ–∏—Ç–µ–ª—å—Å—Ç–≤–µ —Å 90-—Ö –≥–æ–¥–æ–≤) –ì–æ–¥ –ø–æ—Å—Ç—Ä–æ–π–∫–∏ 2014. –ó–µ–º–ª—è- –∫—Ä–∞—Å–Ω–∞—è –∫–Ω–∏–≥–∞. 

–ü—Ä–µ–¥–ª–æ–∂–µ–Ω–∏–µ –æ—Ç —Å–æ–±—Å—Ç–≤–µ–Ω–Ω–∏–∫–∞! –î–ª—è —Ç–µ—Ö, –∫—Ç–æ —Ü–µ–Ω–∏—Ç 
-–±–µ–∑–æ–ø–∞—Å–Ω–æ—Å—Ç—å (—Å–µ–π—Å–º–æ—Å—Ç–æ–π–∫–æ—Å—Ç—å: —Å–º–æ—Ç—Ä–∏—Ç–µ –≤ –∏–Ω—Ç–µ—Ä–Ω–µ—Ç–µ: ¬´—Ç–µ–∫—Ç–æ–Ω–∏—á–µ—Å–∫–∏–µ –ø–ª–∏—Ç—ã –∏ –ê—Å–∞–º–±–∞–µ–≤—Å–∫–∏–π –∏–ª–∏ –û—Ä—Ç–æ-–°–∞–π—Å–∫–∏–π —Ä–∞–∑–ª–æ–º! –≥.–ë–∏—à–∫–µ–∫: –≥–¥–µ —Å—Ç—Ä–æ–∏—Ç—å –Ω–µ–ª—å–∑—è) 
-—ç–∫–æ–ª–æ–≥–∏—é –∏ –∫–∞—á–µ—Å—Ç–≤–æ —Å—Ç—Ä–æ–∏—Ç–µ–ª—å—Å—Ç–≤–∞ –¥–æ–º–∞!

–í—Å–µ–≥–æ 2 –∫–≤–∞—Ä—Ç–∏—Ä—ã –Ω–∞ –ø–ª–æ—â–∞–¥–∫–µ: —Ç–æ–ª—å–∫–æ 3 –∏ 5 –∫–æ–º–Ω–∞—Ç–Ω—ã–µ. 
 4 —ç—Ç–∞–∂ –∏–∑ 6. –î–æ–º: –º–æ–Ω–æ–ª–∏—Ç–Ω–æ- —Ä–∏–≥–µ–ª—å–Ω—ã–π –∫–∏—Ä–ø–∏—á. –§—É–Ω–¥–∞–º–µ–Ω—Ç –∏ –∫–∞—á–µ—Å—Ç–≤–æ —Å—Ç—Ä–æ–π–∫–∏ –Ω–∞ –≤—ã—Å—à–µ–º —É—Ä–æ–≤–Ω–µ, (—Ç–∞–∫–∏—Ö –¥–æ–º–æ–≤ –≤ –≥–æ—Ä–æ–¥–µ –º–∞–ª–æ! –ñ–∏–ª—å—Ü—ã: –¥—Ä—É–∑—å—è –∏ —Ä–æ–¥—Å—Ç–≤–µ–Ω–Ω–∏–∫–∏ —Å–∞–º–æ–≥–æ –∑–∞—Å—Ç—Ä–æ–π—â–∏–∫–∞, –∑–≤—ë–∑–¥—ã –∏ —Ç–¥). 
–ó–∞–∫—Ä—ã—Ç—ã–π –¥–≤–æ—Ä –±–µ–∑ –º–∞—à–∏–Ω. –í–∏–¥–µ–æ–Ω–∞–±–ª—é–¥–µ–Ω–∏–µ. –¥–µ—Ç—Å–∫–∞—è –ø–ª–æ—â–∞–¥–∫–∞. 
–°–≤–æ–π –°–æ–±—Å—Ç–≤–µ–Ω–Ω—ã–π –∫–∞–ø–∏—Ç–∞–ª—å–Ω—ã–π –ø–æ–¥–∑–µ–º–Ω—ã–π –≥–∞—Ä–∞–∂ —Å –≤–æ—Ä–æ—Ç–∞–º–∏ —Å –æ—Ç–¥–µ–ª—å–Ω—ã–º —Ç–µ—Ö–ø–∞—Å–ø–æ—Ä—Ç–æ–º (21 –∫–≤/–º) –ø–æ–¥ –¥–æ–º–æ–º –≤ –ø–∞—Ä–∫–∏–Ω–≥–µ 9.000$. –í—ä–µ–∑–¥ —Å –ø—É–ª—å—Ç–∞: –∞–≤—Ç–æ–º–∞—Ç–∏—á–µ—Å–∫–∏–µ –≤–æ—Ä–æ—Ç–∞.
–ö–æ–º–Ω–∞—Ç—ã –∏–∑–æ–ª–∏—Ä–æ–≤–∞–Ω–Ω—ã–µ. –ë–æ–ª—å—à–∞—è –ø—Ä–∏—Ö–æ–∂–∞—è –∏ –∫—É—Ö–Ω—è, –†–∞–∑–¥–µ–ª—å–Ω—ã–µ –±–æ–ª—å—à–∏–µ 2 —Å–∞–Ω—É–∑–ª–∞: 2üöΩ, –≤–∞–Ω–Ω–∞—è- –¥–∂–∞–∫—É–∑–∏ (Apollo), –Ω–æ–≤–∞—è —Ä–∞–∫–æ–≤–∏–Ω–∞ –∏ —Å–µ–Ω—Å–æ—Ä–Ω–æ–µ –æ–≥—Ä–æ–º–Ω–æ–µ –∑–µ—Ä–∫–∞–ª–æ (–Ω–∞ –∑–∞–∫–∞–∑), –æ—á–µ–Ω—å –¥–æ—Ä–æ–≥–æ–π ¬´—É–º–Ω—ã–π —É–Ω–∏—Ç–∞–∑¬ª (–≤—Å—Ç—Ä–æ–µ–Ω–Ω–æ–µ –±–µ–¥–µ, –ø–æ–¥–æ–≥—Ä–µ–≤ –∏ —Ç–¥. Apollo), –ö–ª–∞–¥–æ–≤–∫–∞. 
–í —Å—Ç–æ–∏–º–æ—Å—Ç—å –∫–≤–∞—Ä—Ç–∏—Ä—ã –≤—Ö–æ–¥–∏—Ç, –≤—Å—Ç—Ä–æ–µ–Ω–Ω–∞—è –±—ã—Ç–æ–≤–∞—è —Ç–µ—Ö–Ω–∏–∫–∞ –∏ –º–µ–±–µ–ª—å. –î–∏–∑–∞–π–Ω–µ—Ä—Å–∫–∏–π —Ä–µ–º–æ–Ω—Ç —Å –ø—Ä–æ–µ–∫—Ç–æ–º –¥–∏–∑–∞–π–Ω–µ—Ä–∞ –∏ —Ç–æ–ª—å–∫–æ –∏–∑ –¥–æ—Ä–æ–≥–∏—Ö —ç–∫–æ–ª–æ–≥–∏—á–µ—Å–∫–∏—Ö –º–∞—Ç–µ—Ä–∏–∞–ª–æ–≤. –î–µ–ª–∞–ª–∏ –≤—Å—ë –¥–ª—è —Å–µ—è. –†–µ–º–æ–Ω—Ç –≤ –∏–¥–µ–∞–ª—å–Ω–æ–º —Å–æ—Å—Ç–æ—è–Ω–∏–∏ 
–í –∫–≤–∞—Ä—Ç–∏—Ä–µ: –î–≤–æ–π–Ω–æ–µ —É—Ç–µ–ø–ª–µ–Ω–∏–µ –∏ —à—É–º–æ–∏–∑–æ–ª—è—Ü–∏—è —Å—Ç–µ–Ω –∏ –ø–æ–ª–∞.
–°—Ç–æ—è—Ç 2 –±—Ä–æ–Ω–∏—Ä–æ–≤–∞–Ω–Ω—ã–µ –≤—Ö–æ–¥–Ω—ã–µ –¥–≤–µ—Ä–∏. 
–ù–∞ –ø–æ–ª—É –∏—Ç–∞–ª—å—è–Ω—Å–∫–∏–π –ø–∞—Ä–∫–µ—Ç –¥—É–±, —Ü–≤–µ—Ç –∫–æ—Ä–∏—á–Ω–µ–≤—ã–π –∏ –¥–æ—Ä–æ–≥–æ–π –∫–µ—Ä–∞–º–æ–≥—Ä–∞–Ω–∏—Ç, —Å—Ç–µ–Ω—ã: –æ–±–æ–∏ –ò—Ç–∞–ª–∏—è (Roberto Cavalli). 
4 –∫–æ–Ω–¥–∏—Ü–∏–æ–Ω–µ—Ä–∞ Samsung (–≤ –∑–∞–ª–µ –∞–Ω—Ç–∏–≤–∏—Ä—É—Å). 
–°–∏—Å—Ç–µ–º–∞ –æ—Ç–æ–ø–ª–µ–Ω–∏—è: –∞–≤—Ç–æ–Ω–æ–º–Ω–∞—è: —Ç–µ–ø–ª–æ—Ñ–æ–Ω—ã (—ç–Ω–µ—Ä–≥–æ—Å–±–µ—Ä–µ–≥–∞—é—â–∏–µ –∏–Ω—Ñ—Ä–∞–∫—Ä–∞—Å–Ω—ã–µ –æ–±–æ–≥—Ä–µ–≤–∞—Ç–µ–ª–∏) –Ω–∞ —Å—Ç–µ–Ω–∞—Ö –ø–æ–¥ –æ–∫–Ω–∞–º–∏, –Ω–∞ –ø–æ–ª—É: —ç–ª–µ–∫—Ç—Ä–∏—á–µ—Å–∫–∏–µ —Ç–µ–ø–ª—ã–µ –ø–æ–ª—ã –≤–æ –≤—Å–µ—Ö –∫–æ–º–Ω–∞—Ç–∞—Ö. –ì–æ—Ä—è—á–∞—è –≤–æ–¥–∞: 2 –±–æ–π–ª–µ—Ä–∞ –ø–æ 80–ª —Å —Å–µ–Ω—Å–æ—Ä–Ω—ã–º —É–ø—Ä–∞–≤–ª–µ–Ω–∏–µ–º. –û–ø–ª–∞—Ç–∞ –∑–∞ —ç–ª–µ–∫—Ç—Ä–æ—ç–Ω–µ—Ä–≥–∏—é: –≥–æ—Ä—è—á–∞—è –≤–æ–¥–∞ + –æ—Ç–æ–ø–ª–µ–Ω–∏–µ –≤ –∑–∏–º–Ω–∏–π –ø–µ—Ä–∏–æ–¥ –≤—ã—Ö–æ–¥–∏—Ç 1300-1500 —Å–æ–º/‚ÇΩ –≤ –º–µ—Å—è—Ü –∏ –ø–ª—é—Å –≥–∞–∑ –∏ —Ö–æ–ª–æ–¥–Ω–∞—è –≤–æ–¥–∞! –õ–µ—Ç–æ–º –æ–∫–æ–ª–æ 1500—Å–æ–º (–µ—Å–ª–∏ –≤–∫–ª—é—á–∞—Ç—å –∫–æ–Ω–¥–∏—Ü–∏–æ–Ω–µ—Ä—ã) –∏ –∑–∏–º–æ–π –æ–∫–æ–ª–æ 2000-3000—Å–æ–º –∑–∞ –í–°–Å! - –ö–û–ü–ï–ô–ö–ò –î–õ–Ø –¢–ê–ö–û–ô –ö–í–ê–î–†–ê–¢–£–†–´! –î–æ–º –Ω–∞ 3 —Ñ–∞–∑–∞—Ö –Ω–∞ 15–ê–º - –ø–æ—ç—Ç–æ–º—É –Ω–µ—Ç –ø—Ä–æ–±–ª–µ–º —Å –æ—Ç–æ–ø–ª–µ–Ω–∏–µ–º.
–û–∫–Ω–∞ 4-—Ö –∫–∞–º–µ—Ä–Ω—ã–µ –¢—É—Ä—Ü–∏—è. 
–ü–æ–¥–æ–∫–æ–Ω–Ω–∏–∫–∏ –∏ —Å—Ç–æ–ª–µ—à–Ω–∏—Ü–∞ –Ω–∞ –∫—É—Ö–Ω–µ: –Ω–∞—Ç—É—Ä–∞–ª—å–Ω—ã–π –≥—Ä–∞–Ω–∏—Ç ¬´—á–µ—Ä–Ω–æ-–≥–æ–ª—É–±–æ–π¬ª –ø–µ—Ä–ª–∞–º—É—Ç—Ä (–Ω–µ –±–æ–∏—Ç—Å—è –≤—Ä–µ–º–µ–Ω–∏, —Ä–∞—Å–∫–∞–ª–µ–Ω–Ω—ã—Ö –ø—Ä–∏–±–æ—Ä–æ–≤, –Ω–æ–∂–µ–π –∏ —Ç–¥). 
–ù–∞ –∫—É—Ö–Ω–µ 2 –≤–∏–¥–∞ –≤–∞—Ä–æ—á–Ω–æ–π –ø–∞–Ω–µ–ª–∏: –≥–∞–∑–æ–≤–∞—è –∑–µ—Ä–∫–∞–ª—å–Ω–∞—è –∏ –¥–æ–ø–æ–ª–Ω–∏—Ç–µ–ª—å–Ω–∞—è —ç–ª–µ–∫—Ç—Ä–∏—á–µ—Å–∫–∞—è —Å–µ–Ω—Å–æ—Ä–Ω–∞—è, –≤—Å—Ç—Ä–æ–µ–Ω–Ω—ã–π –¥—É—Ö–æ–≤–æ–π —à–∫–∞—Ñ, –ø–æ—Å—É–¥–æ–º–æ–µ—á–Ω–∞—è –º–∞—à–∏–Ω–∞, –æ—Ç–¥–µ–ª—å–Ω–∞—è –≤—Å—Ç—Ä–æ–µ–Ω–Ω–∞—è –±–æ–ª—å—à–∞—è –º–æ—Ä–æ–∑–∏–ª—å–Ω–∞—è –∫–∞–º–µ—Ä–∞, —Ö–æ–ª–æ–¥–∏–ª—å–Ω–∏–∫, –¥–æ—Ä–æ–≥–∞—è –≤—ã—Ç—è–∂–∫–∞ —Å –ø—É–ª—å—Ç–æ–º. 
–í –∫–≤–∞—Ä—Ç–∏—Ä–µ 3-4 —É—Ä–æ–≤–Ω—è –æ—Å–≤–µ—â–µ–Ω–∏—è. 
–í –∫–≤–∞—Ä—Ç–∏—Ä–µ –æ—Å—Ç–∞–µ—Ç—Å—è –≤—Å—Ç—Ä–æ–µ–Ω–Ω–∞—è –º–µ–±–µ–ª—å, —á–∞—Å—Ç–∏—á–Ω–æ –º–µ–±–µ–ª—å, —à—Ç–æ—Ä—ã –∏ –ø–∞–ª–∞—Å –≤ –ø—Ä–∏—Ö–æ–∂–µ–π (–ø–æ–¥ –¥–∏–∑–∞–π–Ω) –∏ —á–∞—Å—Ç–∏—á–Ω–æ –±—ã—Ç–æ–≤–∞—è —Ç–µ—Ö–Ω–∏–∫–∞ (–æ–±—Å—É–∂–¥–∞–µ—Ç—Å—è)
–ö–≤–∞–¥—Ä–∞—Ç—É—Ä–∞ –∏–∑–æ–ª–∏—Ä–æ–≤–∞–Ω–Ω—ã—Ö –∫–æ–º–Ω–∞—Ç:
–ü—Ä–∏—Ö–æ–∂–∞—è- 13.5 (1 —Ñ–æ—Ç–æ), –ö—É—Ö–Ω—è- 23.0. –°–ø–∞–ª—å–Ω—è #1 - 22. –°–ø–∞–ª—å–Ω—è #2 - 17.5. –ì–æ—Å—Ç–∏–Ω–∞—è - 27.0. –°–∞–Ω—É–∑–µ–ª #1- 3,5. –°–∞–Ω—É–∑–µ–ª #2 - 5,5. –ö–ª–∞–¥–æ–≤–∞—è -2. 

–†—è–¥–æ–º –Ω–æ–≤—ã–π –±–æ–ª—å—à–æ–π –ø–∞—Ä–∫ —Å –≤–µ–ª–æ–¥–æ—Ä–æ–∂–∫–∞–º–∏, –ø—Ä—É–¥–æ–º, —Ñ—É—Ç–±–æ–ª—å–Ω—ã–º–∏ –∏ –±–∞—Å–∫–µ—Ç–±–æ–ª—å–Ω—ã–º–∏ –ø–æ–ª—è–º–∏, —Ä–∞–∑–≤–∏—Ç–∞—è –∏–Ω—Ñ—Ä–∞—Å—Ç—Ä—É–∫—Ç—É—Ä–∞: 3 –º–∏–Ω—É—Ç—ã –¥–æ –∞–≤—Ç–æ–±—É—Å–Ω–æ–π –æ—Å—Ç–∞–Ω–æ–≤–∫–∏, —Ä—è–¥–æ–º —à–∫–æ–ª—ã, —Å–∞–¥—ã, –∏–Ω—Å—Ç–∏—Ç—É—Ç—ã, –º–∞–≥–∞–∑–∏–Ω—ã, –∫–∞—Ñ–µ –∏ —Ç–¥. –ï—Å—Ç—å –≤—Å—ë –¥–ª—è –∫–æ–º—Ñ–æ—Ä—Ç–Ω–æ–≥–æ —Å–ø–æ–∫–æ–π–Ω–æ–≥–æ –ø—Ä–æ–∂–∏–≤–∞–Ω–∏—è.

–ü–æ –≤—Å–µ–º –≤–æ–ø—Ä–æ—Å–∞–º –æ—Ç–≤–µ—á—É, –≤—ã—à–ª—é —Ñ–æ—Ç–æ –∏ –≤–∏–¥–µ–æ
—Ç–æ–ª—å–∫–æ –í–æ—Ç—Ç—Å –ê–ø–ø: 
W/a: +7(965)287 38 56

‚òùüèª–í–æ–ø—Ä–æ—Å: ¬´–ú–æ–≥—É—Ç –ª–∏ –ò–ù–û–°–¢–†–ê–ù–¶–´ –∫—É–ø–∏—Ç—å –Ω–µ–¥–≤–∏–∂–∏–º–æ—Å—Ç—å –≤ –ö—ã—Ä–≥—ã–∑—Å—Ç–∞–Ω–µ?¬ª. –û—Ç–≤–µ—Ç: ¬´–ö–æ–Ω–µ—á–Ω–æ!!!¬ª

*–î–ª—è –≥—Ä–∞–∂–¥–∞–Ω –†–æ—Å—Å–∏–∏ –∏ –∏–Ω–æ—Å—Ç—Ä–∞–Ω—Ü–µ–≤ –Ω–µ—Ç –Ω–∏–∫–∞–∫–∏—Ö –æ–≥—Ä–∞–Ω–∏—á–µ–Ω–∏–π –ø–æ –ø—Ä–∏–æ–±—Ä–µ—Ç–µ–Ω–∏—é –∂–∏–ª—å—è –≤ –ö—ã—Ä–≥—ã–∑—Å—Ç–∞–Ω–µ.

*–ò–Ω–æ—Å—Ç—Ä–∞–Ω—Ü–∞–º, –≤ —Ç–æ–º —á–∏—Å–ª–µ –∏ —Ä–æ—Å—Å–∏—è–Ω–∞–º, —Ä–∞–∑—Ä–µ—à–µ–Ω–æ –ø—Ä–∏–æ–±—Ä–µ—Ç–∞—Ç—å –ª—é–±–æ–π —Ç–∏–ø –Ω–µ–¥–≤–∏–∂–∏–º–æ—Å—Ç–∏ –≤ –ö—ã—Ä–≥—ã–∑—Å—Ç–∞–Ω–µ. –ï–¥–∏–Ω—Å—Ç–≤–µ–Ω–Ω–æ–µ –∏—Å–∫–ª—é—á–µ–Ω–∏–µ ‚Äî —Å–µ–ª—å—Å–∫–æ—Ö–æ–∑—è–π—Å—Ç–≤–µ–Ω–Ω—ã–µ –∑–µ–º–ª–∏.

–ü–æ—á–µ–º—É —Å–µ–π—á–∞—Å –≤—ã–≥–æ–¥–Ω–æ –ø—Ä–∏–æ–±—Ä–µ—Ç–∞—Ç—å –Ω–µ–¥–≤–∏–∂–∏–º–æ—Å—Ç—å –≤ –ö—ã—Ä–≥—ã–∑—Å—Ç–∞–Ω–µ?

- –ü–æ –∏—Ç–æ–≥–∞–º 2022 –≥–æ–¥–∞ —Ä–æ—Å—Ç —ç–∫–æ–Ω–æ–º–∏–∫–∏ —Å–æ—Å—Ç–∞–≤–∏–ª 7 –ø—Ä–æ—Ü–µ–Ω—Ç–æ–≤.

- –ß–∏—Å–ª–µ–Ω–Ω–æ—Å—Ç—å –Ω–∞—Å–µ–ª–µ–Ω–∏—è –≤ —Å—Ç–∞–Ω–µ —Ä–∞—Å—Ç–µ—Ç –±—ã—Å—Ç—Ä—ã–º–∏ —Ç–µ–º–ø–∞–º–∏. –ù–∞–ø—Ä–∏–º–µ—Ä: –≤ 2013 –≥–æ–¥—É —á–∏—Å–ª–µ–Ω–Ω–æ—Å—Ç—å –Ω–∞—Å–µ–ª–µ–Ω–∏—è –±—ã–ª–∞ 5,5 –º–ª–Ω —á–µ–ª–æ–≤–µ–∫, –∞ 2023 –≥–æ–¥—É —É–∂–µ –±–æ–ª–µ–µ 7 –º–ª–Ω —á–µ–ª–æ–≤–µ–∫. –¢–æ –µ—Å—Ç—å –∑–∞ 10 –ª–µ—Ç —á–∏—Å–ª–µ–Ω–Ω–æ—Å—Ç—å –Ω–∞—Å–µ–ª–µ–Ω–∏—è –≤—ã—Ä–æ—Å–ª–∞ –±–µ–∑ –º–∞–ª–æ–≥–æ –Ω–∞ 30%

- –í—ã—Å–æ–∫–∏–π —Å–ø—Ä–æ—Å –Ω–∞ –∞—Ä–µ–Ω–¥—É –∂–∏–ª—å—è –≤ –ë–∏—à–∫–µ–∫–µ

- –û—Ç—Å—É—Ç—Å—Ç–≤–∏–µ —è–∑—ã–∫–æ–≤–æ–≥–æ –±–∞—Ä—å–µ—Ä–∞. –ë–æ–ª—å—à–∏–Ω—Å—Ç–≤–æ –ª—é–¥–µ–π –æ—Ç–ª–∏—á–Ω–æ –≤–ª–∞–¥–µ—é—Ç —Ä—É—Å—Å–∫–∏–º —è–∑—ã–∫–æ–º. –†—É—Å—Å–∫–∏–π —è–∑—ã–∫ —è–≤–ª—è–µ—Ç—Å—è –≤—Ç–æ—Ä—ã–º –≥–æ—Å—É–¥–∞—Ä—Å—Ç–≤–µ–Ω–Ω—ã–º. –û—Ç —Ü–µ–Ω–Ω–∏–∫–æ–≤ –≤ –º–∞–≥–∞–∑–∏–Ω–µ –¥–æ –≥–æ—Å—É–¥–∞—Ä—Å—Ç–≤–µ–Ω–Ω—ã—Ö —Å–∞–π—Ç–æ–≤ –∏ –¥–æ–∫—É–º–µ–Ω—Ç–∞—Ü–∏–∏ ‚Äì –≤—Å—ë –¥—É–±–ª–∏—Ä—É–µ—Ç—Å—è –Ω–∞ —Ä—É—Å—Å–∫–æ–º —è–∑—ã–∫–µ

- –õ—ë–≥–∫–∞—è –±–µ–∑–≤–∏–∑–æ–≤–∞—è –ª–µ–≥–∞–ª–∏–∑–∞—Ü–∏—è –¥–ª—è –Ω–∞—Ö–æ–∂–¥–µ–Ω–∏—è –∏ –ø—Ä–æ–∂–∏–≤–∞–Ω–∏—è. –î–æ—Å—Ç–∞—Ç–æ—á–Ω–æ —Å–¥–µ–ª–∞—Ç—å —Ä–µ–≥–∏—Å—Ç—Ä–∞—Ü–∏—é –Ω–∞ 6 –º–µ—Å—è—Ü–µ–≤, –¥–∞–ª–µ–µ –µ—ë –º–æ–∂–Ω–æ –ø—Ä–æ–¥–ª–µ–≤–∞—Ç—å. –ü—Ä–∏ –Ω–µ–æ–±—Ö–æ–¥–∏–º–æ—Å—Ç–∏ –º–æ–∂–Ω–æ –ø–æ–ª—É—á–∏—Ç—å –≥—Ä–∞–∂–¥–∞–Ω—Å—Ç–≤–æ –ö—ã—Ä–≥—ã–∑—Å—Ç–∞–Ω–∞

- –ù–∏–∑–∫–∏–µ –Ω–∞–ª–æ–≥–∏ –¥–ª—è –≤–µ–¥–µ–Ω–∏—è –±–∏–∑–Ω–µ—Å–∞

- –•–æ—Ä–æ—à–µ–µ —É–≤–∞–∂–∏—Ç–µ–ª—å–Ω–æ–µ –æ—Ç–Ω–æ—à–µ–Ω–∏–µ –∫ —Ä—É—Å—Å–∫–∏–º. –õ—é–¥–∏ –ø—Ä–∏–≤–µ—Ç–ª–∏–≤—ã–µ –∏ –≤–µ–∂–ª–∏–≤—ã–µ, –≤—Å–µ–≥–¥–∞ —Å—Ç–∞—Ä–∞—é—Ç—Å—è –ø–æ–º–æ—á—å

- –ö—Ä–∞—Å–∏–≤–∞—è –≥–æ—Ä–Ω–∞—è –ø—Ä–∏—Ä–æ–¥–∞

- –ö—Ä–∞—Å–∏–≤–µ–π—à–µ–µ –û–∑–µ—Ä–æ –ò—Å—Å—ã–∫-–ö—É–ª—å –Ω–∞—Ö–æ–¥–∏—Ç—Å—è –≤—Å–µ–≥–æ –≤ 200 –∫–º –æ—Ç –ë–∏—à–∫–µ–∫–∞ (–≤—Å–µ–≥–æ 3-4 —á–∞—Å–∞ –Ω–∞ –∞–≤—Ç–æ, –∏ –í—ã –Ω–∞ –ø—Ä–µ–∫—Ä–∞—Å–Ω–æ–º –∫—É—Ä–æ—Ä—Ç–µ –Ω–∞ –±–µ—Ä–µ–≥—É) –≤ –ª—é–±–æ–µ –≤—Ä–µ–º—è –≥–æ–¥–∞","–≠—Ç–∞ –∫–≤–∞—Ä—Ç–∏—Ä–∞ –Ω–∞ 3.4% –¥–æ—Ä–æ–∂–µ –ø–æ—Ö–æ–∂–∏—Ö
–¶–µ–Ω–∞ –∑–∞ –º2 —ç—Ç–æ–π —ç—Ç–æ–π –∫–≤–∞—Ä—Ç–∏—Ä—ã —Å–æ–≤–ø–∞–¥–∞–µ—Ç —Å–æ —Å—Ä–µ–¥–Ω–µ–π —Ü–µ–Ω–æ–π",74.5769,42.8422,https://www.house.kg/details/696572651eac369ce812-69581149
"2-–∫–æ–º–Ω. –∫–≤., 55 –º2",–æ—Ç —Å–æ–±—Å—Ç–≤–µ–Ω–Ω–∏–∫–∞,8 865 150 —Å–æ–º,566,5,"–ë–∏—à–∫–µ–∫, –°—Ç–∞—Ä—ã–π –∞—ç—Ä–æ–ø–æ—Ä—Ç, –ê–∂—ã–±–µ–∫ –ë–∞–∞—Ç—ã—Ä–∞/–î–∂—É–Ω—É—Å–∞–ª–∏–µ–≤–∞",–ú–∞–≥–Ω–∞—Ç,6 —ç—Ç–∞–∂ –∏–∑ 10,,—ç–ª–∏—Ç–∫–∞,"–º–æ–Ω–æ–ª–∏—Ç–Ω—ã–π, 2020 –≥.",–î–æ–±–∞–≤–ª–µ–Ω–æ 3 –¥–Ω—è –Ω–∞–∑–∞–¥,–µ–≤—Ä–æ—Ä–µ–º–æ–Ω—Ç,3.1 –º.,,,–∞–≤—Ç–æ–Ω–æ–º–Ω–æ–µ,,,,,,,,,–Ω–µ—Ç,,,,–ü–æ–ª—å–∑–æ–≤–∞—Ç–µ–ª—å,"–ü—Ä–æ–¥–∞—é 2 –∫–æ–º–Ω–∞—Ç–Ω—É—é —Å—Ç—É–¥–∏—é.
–†–µ–º–æ–Ω—Ç —Å–≤–µ–∂–∏–π –∏ –∏–¥–µ–∞–ª—å–Ω—ã–π.
–ü–µ—Ä–µ–¥–µ–ª–∞–Ω –≤ –¥–≤—É—à–∫—É.
–†–∞–π–æ–Ω –≥–æ—Å—Ç–∏–Ω–∏—Ü–∞ –ê–∫ –ö–µ–º–µ. –ñ–ö –ú–ê–ì–ù–ê–¢
–†–∞–π–æ–Ω —Ç–∏—Ö–∏–π –∏ —á–∏—Å—Ç—ã–π.
–û—Ç–æ–ø–ª–µ–Ω–∏–µ —á–∞—Å—Ç–Ω–æ–µ.
–¢–µ—Ö –ø–∞—Å–ø–æ—Ä—Ç –Ω–∞ —Ä—É–∫–∞—Ö –¥–æ–º –∫—Ä–∞—Å–Ω–∞—è –∫–Ω–∏–≥–∞.
–°–æ–ª–Ω–µ—á–Ω–∞—è —Å—Ç–æ—Ä–æ–Ω–∞.
–í—Å–µ —É—Å–ª–æ–≤–∏—è –¥–ª—è –∂–∏–ª—å—è –∑–∞—Ö–æ–¥–∏ –∏ –∂–∏–≤–∏. 
–û–∫–Ω–∞ –≤—ã—Ö–æ–¥—è—Ç –Ω–∞ —Å—Ç–∞—Ä—ã–π –ê—ç—Ä–æ–ø–æ—Ç—Ä. –¢—É—Ä–µ—Ü–∫–∏–π –ª–∏—Ü–µ–π.
–¶–µ–Ω–∞ 105.000$.
–û–±–º–µ–Ω–∞ –∏ –±–∞—Ä—Ç–µ—Ä–∞ –Ω–µ—Ç. 
–¢–æ–ª—å–∫–æ –Ω–∞–ª–∏—á–∫–∞.","–≠—Ç–∞ –∫–≤–∞—Ä—Ç–∏—Ä–∞ –Ω–∞ 0.96% –¥–æ—Ä–æ–∂–µ –ø–æ—Ö–æ–∂–∏—Ö
–¶–µ–Ω–∞ –∑–∞ –º2 —ç—Ç–æ–π –∫–≤–∞—Ä—Ç–∏—Ä—ã –Ω–∞ 9.94% –¥–æ—Ä–æ–∂–µ –ø–æ—Ö–æ–∂–∏—Ö",74.5813,42.8393,https://www.house.kg/details/737065866e827bde86a10-95277796
"4-–∫–æ–º–Ω. –∫–≤., 90 –º2",–æ—Ç —Å–æ–±—Å—Ç–≤–µ–Ω–Ω–∏–∫–∞,12 580 070 —Å–æ–º,823,7,"–ë–∏—à–∫–µ–∫, –ê—Å–∞–Ω–±–∞–π –º-–Ω",,1 —ç—Ç–∞–∂ –∏–∑ 9,–ø–æ–ª–Ω–æ—Å—Ç—å—é –º–µ–±–ª–∏—Ä–æ–≤–∞–Ω–∞,106 —Å–µ—Ä–∏—è —É–ª—É—á—à–µ–Ω–Ω–∞—è,"–ø–∞–Ω–µ–ª—å–Ω—ã–π, 1984 –≥.",–î–æ–±–∞–≤–ª–µ–Ω–æ 20 –¥–Ω–µ–π –Ω–∞–∑–∞–¥,–µ–≤—Ä–æ—Ä–µ–º–æ–Ω—Ç,,–º–∞–≥–∏—Å—Ç—Ä–∞–ª—å–Ω—ã–π,—Ç–µ—Ö–Ω–∏—á–µ—Å–∫–∏–π –ø–∞—Å–ø–æ—Ä—Ç,—Ü–µ–Ω—Ç—Ä–∞–ª—å–Ω–æ–µ,–ø–∞—Ä–∫–∏–Ω–≥,,,,–±—Ä–æ–Ω–∏—Ä–æ–≤–∞–Ω–Ω–∞—è,,–ª–∞–º–∏–Ω–∞—Ç,,–µ—Å—Ç—å,–æ–ø—Ç–∏–∫–∞,"–≤–∏–¥–µ–æ–Ω–∞–±–ª—é–¥–µ–Ω–∏–µ,                                             –≤–∏–¥–µ–æ–¥–æ–º–æ—Ñ–æ–Ω,                                             —Å–∏–≥–Ω–∞–ª–∏–∑–∞—Ü–∏—è,                                             –æ—Ö—Ä–∞–Ω–∞",,–ü–æ–ª—å–∑–æ–≤–∞—Ç–µ–ª—å,"–ü—Ä–æ–¥–∞–µ—Ç—Å—è —É—é—Ç–Ω–∞—è —Ç—Ä—ë—Ö–∫–æ–º–Ω–∞—Ç–Ω–∞—è –∫–≤–∞—Ä—Ç–∏—Ä–∞ –≤ –º–∫—Ä –ê—Å–∞–Ω–±–∞–π.
–ö–≤–∞—Ä—Ç–∏—Ä–∞ –Ω–∞—Ö–æ–¥–∏—Ç—Å—è –Ω–∞ 1 —ç—Ç–∞–∂–µ –∏–∑ 9. –ö–≤–∞—Ä—Ç–∏—Ä–∞ —Å —Ö–æ—Ä–æ—à–∏–º —Ä–µ–º–æ–Ω—Ç–æ–º. –î–µ–ª–∞–ª–∞—Å—å –ø–µ—Ä–µ–ø–ª–∞–Ω–∏—Ä–æ–≤–∫–∞ –ø–æ–¥ —Å–µ–±—è. –ü–µ—Ä–µ–Ω–µ—Å–µ–Ω —Å–∞–Ω—É–∑–µ–ª, –¥–æ–±–∞–≤–ª–µ–Ω—ã –¥–æ–ø–æ–ª–Ω–∏—Ç–µ–ª—å–Ω–æ –ø–æ–º–µ—â–µ–Ω–∏—è –∫ –∫–≤–∞—Ä—Ç–∏—Ä–µ, —Å–¥–µ–ª–∞–Ω–∞ –¥–æ–ø–æ–ª–Ω–∏—Ç–µ–ª—å–Ω–∞—è –∫–æ–º–Ω–∞—Ç–∞. –ö—É—Ö–Ω—è —Ä–∞—Å—à–∏—Ä–µ–Ω–∞ –∑–∞ —Å—á–µ—Ç –±–∞–ª–∫–æ–Ω–∞, —Ä–∞–±–æ—á–∞—è –∑–æ–Ω–∞ –ø–µ—Ä–µ–Ω–µ—Å–µ–Ω–∞ –Ω–∞ –ª–æ–¥–∂–∏—é. –£ –∫–≤–∞—Ä—Ç–∏—Ä—ã –∏–º–µ–µ—Ç—Å—è —Å–≤–æ—è –ø—Ä–∏–¥–æ–º–æ–≤–∞—è —Ç–µ—Ä—Ä–∏—Ç–æ—Ä–∏—è —Å –ª–µ—Ç–Ω–µ–π –∫—É—Ö–Ω–µ–π –∏ –æ–∑–µ–ª–µ–Ω–µ–Ω–∏–µ–º. 
–î–æ–ø–æ–ª–Ω–∏—Ç–µ–ª—å–Ω–æ –∏–º–µ–µ—Ç—Å—è –æ—Ç–¥–µ–ª—å–Ω–æ–µ –º–µ—Å—Ç–æ –ø–æ–¥ –Ω–∞–≤–µ—Å–æ–º –¥–ª—è –ø–∞—Ä–∫–æ–≤–∫–∏ –∞–≤—Ç–æ. –ï—Å—Ç—å –º–µ—Å—Ç–æ –¥–ª—è —É—Å—Ç–∞–Ω–æ–≤–∫–∏ –∑–∞—Ä—è–¥–Ω–æ–≥–æ —É—Å—Ç—Ä–æ–π—Å—Ç–≤–∞ –¥–ª—è —ç–ª–µ–∫—Ç—Ä–æ–º–æ–±–∏–ª–µ–π. 
–ö–æ–º–º—É–Ω–∏–∫–∞—Ü–∏–∏ –∫ –¥–æ–º—É –ø–æ–¥–≤–µ–¥–µ–Ω—ã –≤—Å–µ —Ü–µ–Ω—Ç—Ä–∞–ª—å–Ω—ã–µ. –ü–æ–¥ –∫–≤–∞—Ä—Ç–∏—Ä–æ–π –≤ –ø–æ–¥–≤–∞–ª–µ –Ω–∞—Ö–æ–¥–∏—Ç—Å—è —ç–ª–µ–≤–∞—Ç–æ—Ä–Ω—ã–π —É–∑–µ–ª, —á—Ç–æ –¥–µ–ª–∞–µ—Ç –∫–≤–∞—Ä—Ç–∏—Ä—É –æ—á–µ–Ω—å —Ç–µ–ø–ª–æ–π –≤ —Ö–æ–ª–æ–¥–Ω–æ–µ –≤—Ä–µ–º—è. 
–î–æ–ø–æ–ª–Ω–∏—Ç–µ–ª—å–Ω–æ —Å—Ç–µ–Ω—ã —É—Ç–µ–ø–ª–µ–Ω—ã –∫–µ—Ä–∞–º–∑–∏—Ç–æ–º. 
–õ–æ–¥–∂–∏—è –≤ –∑–∞–ª–µ –¥–æ–±–∞–≤–ª—è–µ—Ç –¥–æ–ø–æ–ª–Ω–∏—Ç–µ–ª—å–Ω–æ–µ –ø—Ä–æ—Å—Ç—Ä–∞–Ω—Å—Ç–≤–æ. 
–í –∫–≤–∞—Ä—Ç–∏—Ä–µ –æ—Å—Ç–∞–µ—Ç—Å—è –º–µ–±–µ–ª—å, —ç–ª–µ–∫—Ç—Ä–æ–Ω–Ω—ã–µ –∫–∞–º–∏–Ω—ã –≤ –∫–æ–º–Ω–∞—Ç–∞—Ö. 
–ö–≤–∞—Ä—Ç–∏—Ä–∞ –ø–æ –ø–µ—Ä–∏–º–µ—Ç—Ä—É –∏ –≤–Ω—É—Ç—Ä–∏ –æ—Å–Ω–∞—â–µ–Ω–∞ –∫–∞–º–µ—Ä–∞–º–∏ –≤–∏–¥–µ–æ–Ω–∞–±–ª—é–¥–µ–Ω–∏—è –∏ –æ—Ö—Ä–∞–Ω–Ω–æ–π —Å–∏—Å—Ç–µ–º–æ–π —Å–∏–≥–Ω–∞–ª–∏–∑–∞—Ü–∏–∏.
–†—è–¥–æ–º –Ω–∞—Ö–æ–¥—è—Ç—Å—è –º–∞–≥–∞–∑–∏–Ω—ã –ì–ª–æ–±—É—Å, –¢–æ–º–∏ –ú–æ–ª, –ü–∞—Ä–∫ –ê—Å–∞–Ω–±–∞–π, –∞–ø—Ç–µ–∫–∏, —à–∫–æ–ª—ã –∏ –¥–µ—Ç—Å–∫–∏–µ —Å–∞–¥—ã, –±–µ—Ä–µ–∑–æ–≤–∞—è –∏ –æ—Ä–µ—Ö–æ–≤–∞—è —Ä–æ—â–∏.
–î–≤–æ—Ä –¥–∞–Ω–Ω–æ–≥–æ –¥–æ–º–∞ –∑–∞–Ω–∏–º–∞–µ—Ç –ø–µ—Ä–≤–æ–µ –º–µ—Å—Ç–æ –ø–æ –≥–æ—Ä–æ–¥—É –ø–æ –æ–∑–µ–ª–µ–Ω–µ–Ω–∏—é –∏ –±–ª–∞–≥–æ—É—Å—Ç—Ä–æ–π—Å—Ç–≤—É.
–£—Ö–æ–∂–µ–Ω–Ω—ã–π –¥–≤–æ—Ä, –Ω–∞–∑–µ–º–Ω—ã–π –ø–∞—Ä–∫–∏–Ω–≥ –∏ –¥—Ä—É–≥–∏–µ —É–¥–æ–±—Å—Ç–≤–∞ –¥–ª—è –∂–∏—Ç–µ–ª–µ–π. –ï—Å—Ç—å –¥–µ—Ç—Å–∫–∞—è –∑–∞–∫—Ä—ã—Ç–∞—è –ø–ª–æ—â–∞–¥–∫–∞ –≤–æ –¥–≤–æ—Ä–µ, –≤–∏–¥–µ–æ–Ω–∞–±–ª—é–¥–µ–Ω–∏–µ. –£–¥–æ–±–Ω–∞—è —Ç—Ä–∞–Ω—Å–ø–æ—Ä—Ç–Ω–∞—è —Ä–∞–∑–≤—è–∑–∫–∞ –ø–æ–∑–≤–æ–ª—è–µ—Ç –±–µ–∑ –ø—Ä–æ–±–ª–µ–º –¥–æ–±—Ä–∞—Ç—å—Å—è –≤ –ª—é–±—É—é —Ç–æ—á–∫—É –≥–æ—Ä–æ–¥–∞.",,74.6213,42.8211,https://www.house.kg/details/166877366d12fdf77b124-50955268
"3-–∫–æ–º–Ω. –∫–≤., 112 –º2",–æ—Ç –∞–≥–µ–Ω—Ç–∞,16 421 635 —Å–æ–º,418,3,"–ë–∏—à–∫–µ–∫, –ì–æ—Å—Ä–µ–≥–∏—Å—Ç—Ä, –ø—Ä. –ß–∏–Ω–≥–∏–∑–∞ –ê–π—Ç–º–∞—Ç–æ–≤–∞ 4",–ñ–∏–ª–æ–π –∫–æ–º–ø–ª–µ–∫—Å ¬´–ë–æ—Ç–∞–Ω–∏—á–µ—Å–∫–∏–π —Å–∞–¥¬ª,3 —ç—Ç–∞–∂ –∏–∑ 10,–ø–æ–ª–Ω–æ—Å—Ç—å—é –º–µ–±–ª–∏—Ä–æ–≤–∞–Ω–∞,—ç–ª–∏—Ç–∫–∞,"–º–æ–Ω–æ–ª–∏—Ç–Ω—ã–π, 2019 –≥.",–î–æ–±–∞–≤–ª–µ–Ω–æ 2 –¥–Ω—è –Ω–∞–∑–∞–¥,–µ–≤—Ä–æ—Ä–µ–º–æ–Ω—Ç,3 –º.,–º–∞–≥–∏—Å—Ç—Ä–∞–ª—å–Ω—ã–π,"–¥–æ–≥–æ–≤–æ—Ä –∫—É–ø–ª–∏-–ø—Ä–æ–¥–∞–∂–∏,                                             —Ç–µ—Ö–Ω–∏—á–µ—Å–∫–∏–π –ø–∞—Å–ø–æ—Ä—Ç,                                             –∫—Ä–∞—Å–Ω–∞—è –∫–Ω–∏–≥–∞",—Ü–µ–Ω—Ç—Ä–∞–ª—å–Ω–æ–µ,—Ä—è–¥–æ–º –æ—Ö—Ä–∞–Ω—è–µ–º–∞—è —Å—Ç–æ—è–Ω–∫–∞,,–µ—Å—Ç—å,,–±—Ä–æ–Ω–∏—Ä–æ–≤–∞–Ω–Ω–∞—è,,–ª–∞–º–∏–Ω–∞—Ç,"–Ω–æ–≤–∞—è —Å–∞–Ω—Ç–µ—Ö–Ω–∏–∫–∞,                                             –∫–æ–Ω–¥–∏—Ü–∏–æ–Ω–µ—Ä,                                             –Ω–µ—É–≥–ª–æ–≤–∞—è,                                             –∫–æ–º–Ω–∞—Ç—ã –∏–∑–æ–ª–∏—Ä–æ–≤–∞–Ω—ã,                                             –≤—Å—Ç—Ä–æ–µ–Ω–Ω–∞—è –∫—É—Ö–Ω—è,                                             –∫–ª–∞–¥–æ–≤–∫–∞,                                             —Ç–∏—Ö–∏–π –¥–≤–æ—Ä",–≤–æ–∑–º–æ–∂–Ω–æ –ø–æ–¥–∫–ª—é—á–µ–Ω–∏–µ,–æ–ø—Ç–∏–∫–∞,"–¥–æ–º–æ—Ñ–æ–Ω,                                             —Å–∏–≥–Ω–∞–ª–∏–∑–∞—Ü–∏—è,                                             –≤–∏–¥–µ–æ–¥–æ–º–æ—Ñ–æ–Ω,                                             –æ—Ö—Ä–∞–Ω–∞,                                             –∫–æ–¥–æ–≤—ã–π –∑–∞–º–æ–∫,                                             –≤–∏–¥–µ–æ–Ω–∞–±–ª—é–¥–µ–Ω–∏–µ",—Ä–∞–∑–¥–µ–ª—å–Ω—ã–π,–ê–∑–∏–∑ –ú–∏—Å–∏—Ä—Ö–∞—Ç,"–ü—Ä–æ–¥–∞–µ—Ç—Å—è —à–∏–∫–∞—Ä–Ω–∞—è 3-—Ö –∫–æ–º–Ω–∞—Ç–Ω–∞—è –∫–≤–∞—Ä—Ç–∏—Ä–∞ –ø–æ –¥–æ—Å—Ç—É–ø–Ω–æ–π —Ü–µ–Ω–µ!üî•
üìç–†–∞–π–æ–Ω: –ë–æ—Ç–∞–Ω–∏—á–µ—Å–∫–∏–π –°–∞–¥
üî∫–°–ö: –ò—Ö–ª–∞—Å
üî∫–ñ–ö: –ë–æ—Ç–∞–Ω–∏—á–µ—Å–∫–∏–π –°–∞–¥
‚ñ™–ü–ª–æ—â–∞–¥—å:112 –∫–≤.–º
üî∫–≠—Ç–∞–∂: 3/10
üî∫–û—Ç–æ–ø–ª–µ–Ω–∏–µ: –¶–µ–Ω—Ç—Ä–∞–ª—å–Ω–æ–µ;
‚ñ™–°–≤–µ–∂–∏–π –¥–∏–∑–∞–π–Ω–µ—Ä—Å–∫–∏–π —Ä–µ–º–æ–Ω—Ç,–Ω–∏–∫—Ç–æ –Ω–µ –ø—Ä–æ–∂–∏–≤–∞–ª;
üî∫–ú–µ–±–µ–ª—å: –ø–æ–ª–Ω–æ—Å—Ç—å—é –æ—Å—Ç–∞–µ—Ç—Å—è;
‚ñ™–•–æ—Ä–æ—à–∞—è —Ç—Ä–∞–Ω—Å–ø–æ—Ä—Ç–Ω–∞—è —Ä–∞–∑–≤—è–∑–∫–∞, —Ä—è–¥–æ–º –¢–¶, –ø–∞—Ä–∫–∏, —à–∫–æ–ª—ã. –û—Ç–ª–∏—á–Ω–∞—è –ª–æ–∫–∞—Ü–∏—è;
‚ñ™–î–æ–∫—É–º–µ–Ω—Ç—ã: –¢–µ—Ö–ø–∞—Å–ø–æ—Ä—Ç, –î–ö–ü (—é—Ä–∏–¥–∏—á–µ—Å–∫–∏ —á–∏—Å—Ç—ã–π);
üî∫–ó–∞–∫—Ä—ã—Ç–∞—è —Ç–µ—Ä—Ä–∏—Ç–æ—Ä–∏—è —Å –¥–µ—Ç—Å–∫–æ–π –ø–ª–æ—â–∞–¥–∫–æ–π;
üî∫–ö—Ä—É–≥–ª–æ—Å—É—Ç–æ—á–Ω–∞—è –æ—Ö—Ä–∞–Ω–∞, –≤–∏–¥–µ–æ–Ω–∞–±–ª—é–¥–µ–Ω–∏–µ;
‚ñ™–ö–æ–º–º—É–Ω–∏–∫–∞—Ü–∏–∏: —Ü–µ–Ω—Ç—Ä–∞–ª—å–Ω—ã–µ;
+ –ü–æ–¥–∑–µ–º–Ω—ã–π –ø–∞—Ä–∫–∏–Ω–≥","–≠—Ç–∞ –∫–≤–∞—Ä—Ç–∏—Ä–∞ –Ω–∞ 44.72% –¥–æ—Ä–æ–∂–µ –ø–æ—Ö–æ–∂–∏—Ö
–¶–µ–Ω–∞ –∑–∞ –º2 —ç—Ç–æ–π –∫–≤–∞—Ä—Ç–∏—Ä—ã –Ω–∞ 18.71% –¥–æ—Ä–æ–∂–µ –ø–æ—Ö–æ–∂–∏—Ö",74.5883,42.8626,https://www.house.kg/details/660519466e92dd0f372c4-30185948
"2-–∫–æ–º–Ω. –∫–≤., 40 –º2",–æ—Ç —Å–æ–±—Å—Ç–≤–µ–Ω–Ω–∏–∫–∞,4 896 940 —Å–æ–º,401,1,"–ë–∏—à–∫–µ–∫, –ö–æ—Å–º–æ—Å, –ü–∞–Ω—Ñ–∏–ª–æ–≤–∞ 10",,2 —ç—Ç–∞–∂ –∏–∑ 4,—á–∞—Å—Ç–∏—á–Ω–æ –º–µ–±–ª–∏—Ä–æ–≤–∞–Ω–∞,—Ö—Ä—É—â–µ–≤–∫–∞,–∫–∏—Ä–ø–∏—á–Ω—ã–π,–î–æ–±–∞–≤–ª–µ–Ω–æ 11 –¥–Ω–µ–π –Ω–∞–∑–∞–¥,—Å—Ä–µ–¥–Ω–µ–µ,,–º–∞–≥–∏—Å—Ç—Ä–∞–ª—å–Ω—ã–π,"–¥–æ–≥–æ–≤–æ—Ä –∫—É–ø–ª–∏-–ø—Ä–æ–¥–∞–∂–∏,                                             —Ç–µ—Ö–Ω–∏—á–µ—Å–∫–∏–π –ø–∞—Å–ø–æ—Ä—Ç",—Ü–µ–Ω—Ç—Ä–∞–ª—å–Ω–æ–µ,,–æ–±–º–µ–Ω –Ω–µ –ø—Ä–µ–¥–ª–∞–≥–∞—Ç—å,–Ω–µ—Ç,"<div class=""label"">–í–æ–∑–º–æ–∂–Ω–æ—Å—Ç—å —Ä–∞—Å—Å—Ä–æ—á–∫–∏</div>",–¥–µ—Ä–µ–≤—è–Ω–Ω–∞—è,–±–∞–ª–∫–æ–Ω,–ª–∏–Ω–æ–ª–µ—É–º,"–Ω–µ—É–≥–ª–æ–≤–∞—è,                                             –≤—Å—Ç—Ä–æ–µ–Ω–Ω–∞—è –∫—É—Ö–Ω—è,                                             —Ç–∏—Ö–∏–π –¥–≤–æ—Ä",–≤–æ–∑–º–æ–∂–Ω–æ –ø–æ–¥–∫–ª—é—á–µ–Ω–∏–µ,,–¥–æ–º–æ—Ñ–æ–Ω,—Å–æ–≤–º–µ—â–µ–Ω–Ω—ã–π,–ü–æ–ª—å–∑–æ–≤–∞—Ç–µ–ª—å,"–ü—Ä–æ–¥–∞—é –±/–ø 2—Ö –∫–æ–º–Ω.–∫–≤ –≤ —Ä–∞–π–æ–Ω–µ –ö–æ—Å–º–æ—Å. –ü–∞–Ω—Ñ–∏–ª–æ–≤–∞ 10 ,–∫–≤–∞—Ä—Ç–∏—Ä–∞ –Ω–µ —É–≥–ª–æ–≤–∞—è 2 –∏–∑ 4. –ö–æ–º–º—É–Ω–∏–∫–∞—Ü–∏–∏ –≤—Å—ë —Ü–µ–Ω—Ç—Ä–∞–ª—å–Ω—ã–µ.  –†—è–¥–æ–º 61 —à–∫ –∏ –¥–µ—Ç  —Å–∞–¥.  0706553100","–≠—Ç–∞ –∫–≤–∞—Ä—Ç–∏—Ä–∞ —Å–æ–≤–ø–∞–¥–∞–µ—Ç —Å–æ —Å—Ä–µ–¥–Ω–µ–π —Ü–µ–Ω–æ–π
–¶–µ–Ω–∞ –∑–∞ –º2 —ç—Ç–æ–π –∫–≤–∞—Ä—Ç–∏—Ä—ã –Ω–∞ 9.06% –¥–æ—Ä–æ–∂–µ –ø–æ—Ö–æ–∂–∏—Ö",74.5979,42.8493,https://www.house.kg/details/867515266dd84e7d38269-17097621
"3-–∫–æ–º–Ω. –∫–≤., 100 –º2",–æ—Ç –∞–≥–µ–Ω—Ç–∞,12 242 350 —Å–æ–º,2353,6,"–ë–∏—à–∫–µ–∫, –°—Ä–µ–¥–Ω–∏–π –î–∂–∞–ª –º-–Ω",,9 —ç—Ç–∞–∂ –∏–∑ 14,,—ç–ª–∏—Ç–∫–∞,–∫–∏—Ä–ø–∏—á–Ω—ã–π,–î–æ–±–∞–≤–ª–µ–Ω–æ 2 –º–µ—Å—è—Ü–∞ –Ω–∞–∑–∞–¥,–µ–≤—Ä–æ—Ä–µ–º–æ–Ω—Ç,,,,,,,,,,,,,,,,,"–ê—Å–º–∞–Ω-–°–∏—Ç–∏, –ê–π–≥–µ—Ä–∏...","–ü—Ä–æ–¥–∞–µ—Ç—Å—è 3—Ö –∫–æ–º–Ω –∫–≤ 
–≠–õ–ò–¢–ù–ê–Ø –∫–≤–∞—Ä—Ç–∏—Ä–∞ 100 –º2 –∫–≤.–º. —Å –î–ò–ó–ê–ô–ù–ï–†–°–ö–ò–ú —Ä–µ–º–æ–Ω—Ç–æ–º –≤ –¥–æ–º–µ –ü–†–ï–ú–ò–£–ú –ö–õ–ê–°–°–ê.
üî•üî•üî• 
  
‚úÖ –ñ–ö ¬´–î–∂–∞–ª¬ª –°–ö –≠–†–õ –≥—Ä—É–ø–ø –Ω–∞—Ö–æ–¥–∏—Ç—Å—è –≤ —é–∂–Ω–æ–∏‚Äå —á–∞—Å—Ç–∏ –ë–∏—à–∫–µ–∫–∞ c –ø–æ—Ç—Ä—è—Å–∞—é—â–∏–º –≤–∏–¥–æ–º –Ω–∞ –≥–æ—Ä—ã –∏ –≥–æ—Ä–æ–¥ (–°—Ä–µ–¥–Ω–∏–π –î–∂–∞–ª, —É–ª. –ö—É—Ä—á–∞—Ç–æ–≤–∞, 81)
‚úÖ –†–∞–∏‚Äå–æ–Ω —Å –æ—Ç–ª–∏—á–Ω–æ —Ä–∞–∑–≤–∏—Ç–æ–∏‚Äå –∏–Ω—Ñ—Ä–∞—Å—Ç—Ä—É–∫—Ç—É—Ä–æ–∏‚Äå. –•–æ—Ä–æ—à–∞—è —Ç—Ä–∞–Ω—Å–ø–æ—Ä—Ç–Ω–∞—è —Ä–∞–∑–≤—è–∑–∫–∞: –º–æ–∂–Ω–æ –¥–æ–±—Ä–∞—Ç—å—Å—è –≤ –ª—é–±—É—é —á–∞—Å—Ç—å –≥–æ—Ä–æ–¥–∞ –Ω–∞ –æ–±—â–µ—Å—Ç–≤–µ–Ω–Ω–æ–º
—Ç—Ä–∞–Ω—Å–ø–æ—Ä—Ç–µ
‚úÖ –ñ–ö ¬´–î–∂–∞–ª¬ª ‚Äî —Å–µ–º–µ–π–Ω—ã–π –∂–∏–ª–æ–π –∫–æ–º–ø–ª–µ–∫—Å! –î–æ–º –ø—Ä–µ–º–∏—É–º –∫–ª–∞—Å—Å–∞.
‚úÖ –ó–∞–∫—Ä—ã—Ç–∞—è, –æ—Ö—Ä–∞–Ω—è–µ–º–∞—è 24/7 —Ç–µ—Ä—Ä–∏—Ç–æ—Ä–∏—è, –¥–µ—Ç—Å–∫–∞—è –ø–ª–æ—â–∞–¥–∫–∞
‚úÖ –ü–æ–¥–∑–µ–º–Ω—ã–µ –ø–∞—Ä–∫–æ–≤–æ—á–Ω—ã–µ –º–µ—Å—Ç–∞
‚úÖ –≠—Ç–∞–∂ 9/14
‚úÖ –ü–ª–æ—â–∞–¥—å 100 –∫–≤.–º.
‚úÖ 3 —Ö –∫–æ–º–Ω–∞—Ç–Ω–∞—è –∫–≤–∞—Ä—Ç–∏—Ä–∞ —Å –¥–∏–∑–∞–π–Ω–µ—Ä—Å–∫–∏–º —Ä–µ–º–æ–Ω—Ç–æ–º (–ø–æ–ª–Ω–æ—Ü–µ–Ω–Ω–∞—è) 
‚úÖ –°–∫–≤–æ–∑–Ω–∞—è –ø–ª–∞–Ω–∏—Ä–æ–≤–∫–∞, –∏–¥–µ–∞–ª—å–Ω—ã–π –±–∞–ª–∞–Ω—Å –º–µ–∂–¥—É —Ñ—É–Ω–∫—Ü–∏–æ–Ω–∞–ª—å–Ω–æ—Å—Ç—å—é –∏ —ç—Å—Ç–µ—Ç–∏–∫–æ–π. 
‚úÖ –ö–æ–º–º—É–Ω–∏–∫–∞—Ü–∏–∏ —Ü–µ–Ω—Ç—Ä–∞–ª—å–Ω—ã–µ, –æ—Ç–æ–ø–ª–µ–Ω–∏–µ –∏–Ω–¥–∏–≤–∏–¥—É–∞–ª—å–Ω–æ–µ –≥–∞–∑–æ–≤–æ–µ.
‚úÖ –î–æ–∫—É–º–µ–Ω—Ç—ã: –î–î–£ (–∑–∞—Ä–µ–≥–∏—Å—Ç—Ä–∏—Ä–æ–≤–∞–Ω –≤ –≥–æ—Å —Ä–µ–µ—Å—Ç—Ä–µ) 
—Ç–µ—Ö –ø–∞—Å–ø–æ—Ä—Ç –Ω–∞ —Å—Ç–∞–¥–∏–∏ –≤—ã–¥–∞—á–∏.
üî•üî•üî• üî• 
–¶–µ–Ω–∞     145 —Ç—ã—Å $ 
—Ç–æ—Ä–≥ —Å —Ä–µ–∞–ª—å–Ω—ã–º –ø–æ–∫—É–ø–∞—Ç–µ–ª–µ–º!","–≠—Ç–∞ –∫–≤–∞—Ä—Ç–∏—Ä–∞ –Ω–∞ 29.46% –¥–æ—Ä–æ–∂–µ –ø–æ—Ö–æ–∂–∏—Ö
–¶–µ–Ω–∞ –∑–∞ –º2 —ç—Ç–æ–π –∫–≤–∞—Ä—Ç–∏—Ä—ã –Ω–∞ 10.53% –¥–æ—Ä–æ–∂–µ –ø–æ—Ö–æ–∂–∏—Ö",74.5654,42.8369,https://www.house.kg/details/271635666a8a67699b505-57681691
"2-–∫–æ–º–Ω. –∫–≤., 59.78 –º2",–æ—Ç —Å–æ–±—Å—Ç–≤–µ–Ω–Ω–∏–∫–∞,4 088 269 —Å–æ–º,706,4,"–ë–∏—à–∫–µ–∫, –ì–æ—Ä—å–∫–æ–≥–æ - –ê–ª–º–∞-–ê—Ç–∏–Ω—Å–∫–∞—è,  —É–ª. –ê–Ω–∫–∞—Ä–∞ 1/31",–≠–≤–µ—Ä–µ—Å—Ç,14 —ç—Ç–∞–∂ –∏–∑ 14,,–∏–Ω–¥–∏–≤–∏–¥. –ø–ª–∞–Ω–∏—Ä–æ–≤–∫–∞,"–º–æ–Ω–æ–ª–∏—Ç–Ω—ã–π, 2024 –≥.",–î–æ–±–∞–≤–ª–µ–Ω–æ 1 –¥–µ–Ω—å –Ω–∞–∑–∞–¥,–ø–æ–¥ —Å–∞–º–æ–æ—Ç–¥–µ–ª–∫—É (–ø—Å–æ),,,,,,—Å –¥–æ–ø–ª–∞—Ç–æ–π –ø–æ–∫—É–ø–∞—Ç–µ–ª—è,,,,,,,,,,,–ü–æ–ª—å–∑–æ–≤–∞—Ç–µ–ª—å,"–°–†–û–ß–ù–û –æ—Ç –ø–æ–¥—Ä—è–¥—á–∏–∫–∞ –ü—Ä–æ–¥–∞—é—Ç—Å—è 2 –ö–í–ê–†–¢–ò–†–´ –≤ —ç–∫–æ–ª–æ–≥–∏—á–µ—Å–∫–∏ —á–∏—Å—Ç–æ–º —Ä–∞–π–æ–Ω–µ –Ω–∞ —é–≥–æ-–≤–æ—Å—Ç–æ–∫–µ –ë–∏—à–∫–µ–∫–∞, 1,5 –≥–∞ —Å–æ–±—Å—Ç–≤–µ–Ω–Ω–æ–π —Ç–µ—Ä—Ä–∏—Ç–æ—Ä–∏–∏. 
–ê–¥—Ä–µ—Å: –ø–µ—Ä–≤–∞—è –ª–∏–Ω–∏—è —É–ª–∏—Ü—ã –ê–Ω–∫–∞—Ä–∞
–ñ–ö ¬´EVEREST¬ª
–°–ö ¬´Borsan Construction¬ª 

–ë–ª–æ–∫ 8, 2–ò 
2-–∫–æ–º–Ω. 59,78 –º2, 
–≠—Ç–∞–∂ 14/14 + —Ç–µ—Ö —ç—Ç–∞–∂. 
–°—Ä–æ–∫ —Å–¥–∞—á–∏ 2024 –≥–æ–¥ 4 –∫–≤–∞—Ä—Ç–∞–ª.
–ò–ú–ï–ï–¢–°–Ø –ö–†–ê–°–ù–ê–Ø –ö–ù–ò–ì–ê¬† –∏ –≤—Å–µ —Ä–∞–∑—Ä–µ—à–∏—Ç–µ–ª—å–Ω—ã–µ –¥–æ–∫—É–º–µ–Ω—Ç—ã. 
–¶–µ–Ω–∞: 810$ –∑–∞ –º2
üí•   48 422$  üí•

–¢–µ–ª.: 0509 42 22 22
(Whats app / –∑–≤–æ–Ω–∫–∏) 
        0700 94 15 20",,74.6448,42.8577,https://www.house.kg/details/948460566ea6f4e786145-50476368
"2-–∫–æ–º–Ω. –∫–≤., 67 –º2",–æ—Ç –∞–≥–µ–Ω—Ç–∞,8 105 280 —Å–æ–º,491,2,"–ë–∏—à–∫–µ–∫, –ú–∞–≥–∏—Å—Ç—Ä–∞–ª—å, –¢–æ–∫–æ–º–±–∞–µ–≤–∞ 27/4, 27/5",–ñ–ö –ê—Å–º–∞–Ω,5 —ç—Ç–∞–∂ –∏–∑ 10,—á–∞—Å—Ç–∏—á–Ω–æ –º–µ–±–ª–∏—Ä–æ–≤–∞–Ω–∞,—ç–ª–∏—Ç–∫–∞,"–º–æ–Ω–æ–ª–∏—Ç–Ω—ã–π, 2016 –≥.",–î–æ–±–∞–≤–ª–µ–Ω–æ 2 –¥–Ω—è –Ω–∞–∑–∞–¥,–µ–≤—Ä–æ—Ä–µ–º–æ–Ω—Ç,3 –º.,,"–¥–æ–≥–æ–≤–æ—Ä –∫—É–ø–ª–∏-–ø—Ä–æ–¥–∞–∂–∏,                                             —Ç–µ—Ö–Ω–∏—á–µ—Å–∫–∏–π –ø–∞—Å–ø–æ—Ä—Ç",–∞–≤—Ç–æ–Ω–æ–º–Ω–æ–µ,,–æ–±–º–µ–Ω –Ω–µ –ø—Ä–µ–¥–ª–∞–≥–∞—Ç—å,–Ω–µ—Ç,"<div class=""label"">–í–æ–∑–º–æ–∂–Ω–æ—Å—Ç—å —Ä–∞—Å—Å—Ä–æ—á–∫–∏</div>",–º–µ—Ç–∞–ª–ª–∏—á–µ—Å–∫–∞—è,,–ª–∞–º–∏–Ω–∞—Ç,"–ø–ª–∞—Å—Ç–∏–∫–æ–≤—ã–µ –æ–∫–Ω–∞,                                             –∫–æ–Ω–¥–∏—Ü–∏–æ–Ω–µ—Ä,                                             –Ω–µ—É–≥–ª–æ–≤–∞—è",,–ø—Ä–æ–≤–æ–¥–Ω–æ–π,"–¥–æ–º–æ—Ñ–æ–Ω,                                             –æ—Ö—Ä–∞–Ω–∞,                                             –≤–∏–¥–µ–æ–Ω–∞–±–ª—é–¥–µ–Ω–∏–µ",2 —Å/—É –∏ –±–æ–ª–µ–µ,APARTMENT KG - –ë–µ–∫...,"–ü—Ä–æ–¥–∞–µ—Ç—Å—è 2 –∫–æ–º–Ω–∞—Ç–Ω–∞—è –∫–≤–∞—Ä—Ç–∏—Ä–∞ —Å –Ω–æ–≤—ã–º —Ä–µ–º–æ–Ω—Ç–æ–º –≤ —é–∂–Ω–æ–π —á–∞—Å—Ç–∏ –≥–æ—Ä–æ–¥–∞. –†–∞–π–æ–Ω –Æ–∂–Ω–∞—è –ú–∞–≥–∏—Å—Ç—Ä–∞–ª—å / –°—É—Ö—ç-–ë–∞—Ç–æ—Ä–∞, –ñ–ö –ê—Å–º–∞–Ω. –ù–∞ 5 —ç—Ç–∞–∂–µ, –ø–ª–æ—â–∞–¥—å 67 –∫–≤. –º. –î–æ–º —Å–¥–∞–Ω –≤ —ç–∫—Å–ø–ª—É–∞—Ç–∞—Ü–∏—é –≤ 2018 –≥–æ–¥—É. –ú–æ–Ω–æ–ª–∏—Ç–Ω—ã–π –¥–æ–º, –ø—Ä–æ–µ–∫—Ç –ê–≤–∞–Ω–≥–∞—Ä–¥ –°—Ç–∏–ª—å, –∑–∞–ø–æ–ª–Ω–µ–Ω–∏–µ ‚Äî –∫–∏—Ä–ø–∏—á, —Å –±–∞–∑–∞–ª—å—Ç–æ–≤—ã–º —É—Ç–µ–ø–ª–µ–Ω–∏–µ–º. –ë—É—Ä–Ω–æ —Ä–∞–∑–≤–∏–≤–∞—é—â–∏–π—Å—è —Ä–∞–π–æ–Ω: —Å–µ–π—á–∞—Å –ø—Ä–æ–∫–ª–∞–¥—ã–≤–∞—é—Ç –¥–æ—Ä–æ–≥–∏, —Å—Ç—Ä–æ—è—Ç –º–æ—Å—Ç—ã, –ø–∞—Ä–∫–∏. –ü–æ –ø–ª–∞–Ω—É –≥–æ—Ä–æ–¥–∞ —Ä—è–¥–æ–º –±—É–¥–µ—Ç –ø–æ—Å—Ç—Ä–æ–µ–Ω–∞ –±–æ–ª—å—à–∞—è –≥–æ—Å—É–¥–∞—Ä—Å—Ç–≤–µ–Ω–Ω–∞—è —à–∫–æ–ª–∞. –û—Ç–æ–ø–ª–µ–Ω–∏–µ: —ç–ª–µ–∫—Ç—Ä–∏—á–µ—Å–∫–∏–π –∫–æ—Ç–µ–ª –≤ –∫–∞–∂–¥–æ–π –∫–≤–∞—Ä—Ç–∏—Ä–µ. –û–∫–Ω–∞ —Å–º–æ—Ç—Ä—è—Ç –Ω–∞ –Æ–≥. –¢–µ—Ö. –ø–∞—Å–ø–æ—Ä—Ç –Ω–∞ —Ä—É–∫–∞—Ö. –í—Å–µ –¥–æ–∫—É–º–µ–Ω—Ç—ã –µ—Å—Ç—å.

–¶–µ–Ω–∞: $96,000 –Ω–µ–±–æ–ª—å—à–æ–π —Ç–æ—Ä–≥
–¢–µ–ª–µ—Ñ–æ–Ω: +996 556 201 701 (WhatsApp)

#–ø—Ä–æ–¥–∞–∂–∞–∫–≤–∞—Ä—Ç–∏—Ä #—é–∂–Ω–∞—è–º–∞–≥–∏—Å—Ç—Ä–∞–ª—å #–∫–≤–∞—Ä—Ç–∏—Ä–∞–±–∏—à–∫–µ–∫ #–Ω–æ–≤—ã–π—Ä–µ–º–æ–Ω—Ç #–∂–∫–∞—Å–º–∞–Ω
#–Ω–µ–¥–≤–∏–∂–∏–º–æ—Å—Ç—å–±–∏—à–∫–µ–∫ #–∫–≤–∞—Ä—Ç–∏—Ä–∞–≤–±–∏—à–∫–µ–∫–µ #–Ω–æ–≤–æ—Å—Ç—Ä–æ–π–∫–∏–±–∏—à–∫–µ–∫ #–∫–≤–∞—Ä—Ç–∏—Ä—ã–Ω–æ–≤–æ—Å—Ç—Ä–æ–π–∫–∏ #–∏–ø–æ—Ç–µ–∫–∞ #—Å—Ç—Ä–æ–∏—Ç–µ–ª—å—Å—Ç–≤–æ–±–∏—à–∫–µ–∫ #–¥–∏–∑–∞–π–Ω–∫–≤–∞—Ä—Ç–∏—Ä—ã","–≠—Ç–∞ –∫–≤–∞—Ä—Ç–∏—Ä–∞ –Ω–∞ 7.02% –¥–æ—Ä–æ–∂–µ –ø–æ—Ö–æ–∂–∏—Ö
–¶–µ–Ω–∞ –∑–∞ –º2 —ç—Ç–æ–π –∫–≤–∞—Ä—Ç–∏—Ä—ã –Ω–∞ 10.46% –¥–æ—Ä–æ–∂–µ –ø–æ—Ö–æ–∂–∏—Ö",74.6122,42.82,https://www.house.kg/details/34930966e91447a9a293-25455042
"3-–∫–æ–º–Ω. –∫–≤., 65 –º2",–æ—Ç —Å–æ–±—Å—Ç–≤–µ–Ω–Ω–∏–∫–∞,7 176 550 —Å–æ–º,273,3,"–ë–∏—à–∫–µ–∫, –ú–æ—Å–∫–æ–≤—Å–∫–∞—è - –£–º–µ—Ç–∞–ª–∏–µ–≤–∞, –¢–µ–º–∏—Ä—è–∑–µ–≤–∞ 56/–¢–æ–∫—Ç–æ–≥—É–ª–∞",,1 —ç—Ç–∞–∂ –∏–∑ 5,–ø—É—Å—Ç–∞—è,–∏–Ω–¥–∏–≤–∏–¥. –ø–ª–∞–Ω–∏—Ä–æ–≤–∫–∞,"–∫–∏—Ä–ø–∏—á–Ω—ã–π, 1968 –≥.",–î–æ–±–∞–≤–ª–µ–Ω–æ 4 –¥–Ω—è –Ω–∞–∑–∞–¥,—Å—Ä–µ–¥–Ω–µ–µ,,–º–∞–≥–∏—Å—Ç—Ä–∞–ª—å–Ω—ã–π,"–¥–æ–≥–æ–≤–æ—Ä –∫—É–ø–ª–∏-–ø—Ä–æ–¥–∞–∂–∏,                                             —Ç–µ—Ö–Ω–∏—á–µ—Å–∫–∏–π –ø–∞—Å–ø–æ—Ä—Ç",—Ü–µ–Ω—Ç—Ä–∞–ª—å–Ω–æ–µ,—Ä—è–¥–æ–º –æ—Ö—Ä–∞–Ω—è–µ–º–∞—è —Å—Ç–æ—è–Ω–∫–∞,–æ–±–º–µ–Ω –Ω–∞ –∞–≤—Ç–æ,–µ—Å—Ç—å,"<div class=""label"">–í–æ–∑–º–æ–∂–Ω–æ—Å—Ç—å —Ä–∞—Å—Å—Ä–æ—á–∫–∏</div>",–¥–µ—Ä–µ–≤—è–Ω–Ω–∞—è,–Ω–µ—Ç,–ª–∏–Ω–æ–ª–µ—É–º,"–ø–ª–∞—Å—Ç–∏–∫–æ–≤—ã–µ –æ–∫–Ω–∞,                                             —É–ª—É—á—à–µ–Ω–Ω–∞—è,                                             –Ω–µ—É–≥–ª–æ–≤–∞—è,                                             –∫–æ–º–Ω–∞—Ç—ã –∏–∑–æ–ª–∏—Ä–æ–≤–∞–Ω—ã,                                             –≤—Å—Ç—Ä–æ–µ–Ω–Ω–∞—è –∫—É—Ö–Ω—è,                                             –∫–ª–∞–¥–æ–≤–∫–∞,                                             —Ç–∏—Ö–∏–π –¥–≤–æ—Ä,                                             —É–¥–æ–±–Ω–æ –ø–æ–¥ –±–∏–∑–Ω–µ—Å",–≤–æ–∑–º–æ–∂–Ω–æ –ø–æ–¥–∫–ª—é—á–µ–Ω–∏–µ,adsl,"—Ä–µ—à–µ—Ç–∫–∏ –Ω–∞ –æ–∫–Ω–∞—Ö,                                             –¥–æ–º–æ—Ñ–æ–Ω",—Ä–∞–∑–¥–µ–ª—å–Ω—ã–π,JI 26,"–°—Ä–æ—á–Ω–æ‚ÄºÔ∏è –ü—Ä–æ–¥–∞–µ—Ç—Å—è: 3-—Ö –∫–º –∫–≤–∞—Ä—Ç–∏—Ä–∞‚ÄºÔ∏è
–¢–∞–∫–∂–µ –∏–º–µ–µ—Ç—Å—è –ª–∏—á–Ω–∞—è –∫–æ–º–Ω–∞—Ç–∞ –≤ –ø–æ–¥–≤–∞–ª—å–Ω–æ–º –ø–æ–º–µ—â–µ–Ω–∏–∏.‚ÄºÔ∏è

–ü—Ä–∏ –∂–µ–ª–∞–Ω–∏–π –∏ –≤–æ–∑–º–æ–∂–Ω–æ—Å—Ç–∏ –º–æ–∂–Ω–æ –ø–µ—Ä–µ–¥–µ–ª–∞—Ç—å –ø–æ–¥ –û—Ñ–∏—Å‚ÄºÔ∏è
–ü–µ—Ä–≤–∞—è –ª–∏–Ω–∏—è (–í—ã—Ö–æ–¥ –Ω–∞ –¢–µ–º–∏—Ä—è–∑–µ–≤–∞)

1)–†–∞—Å—Å–º–æ—Ç—Ä–∏–º –≤–∞—Ä–∏–∞–Ω—Ç (–ò–ø–æ—Ç–µ–∫—É)‚úÖ

2)–í–æ–∑–º–æ–∂–µ–Ω –æ–±–º–µ–Ω –Ω–∞ –Ω–µ–¥–æ—Ä–æ–≥–æ–µ –∞–≤—Ç–æ —Å –¥–æ–ø–ª–∞—Ç–æ–π –Ω–∞–º‚úÖ
–ü—Ä–æ—Å—å–±–∞ –æ—Ü–µ–Ω–∏–≤–∞—Ç—å —Å–≤–æ–∏ –ê–í–¢–û –ø–æ —Ä–µ–∞–ª—å–Ω–æ–π —Ü–µ–Ω–µ, –∏–Ω–∞—á–µ –Ω–∞ –æ–±–º–µ–Ω —Ü–µ–Ω–∞ –∫–≤–∞—Ä—Ç–∏—Ä—ã –±—É–¥–µ—Ç –Ω–∞–º–Ω–æ–≥–æ –¥–æ—Ä–æ–∂–µ.‚ÄºÔ∏è

–ê–¥—Ä–µ—Å: –¢–æ–∫—Ç–æ–≥—É–ª–∞-–£–º–µ—Ç–∞–ª–∏–µ–≤–∞
–†—è–¥–æ–º: –ú–∞–≥–∞–∑–∏–Ω –¢—Ä–∏–∞–¥–∞, –®–∫–æ–ª–∞-–≥–∏–º–Ω–∞–∑–∏—è ‚Ññ68, –î–µ—Ç—Å–∫–∏–π –°–∞–¥ ‚Ññ22 , –ì–∏–ø–µ—Ä–º–∞—Ä–∫–µ—Ç –ê–ª–º–∞.

–≠—Ç–∞–∂: 1 –∏–∑ 5 / –°–µ—Ä–∏—è: –ò–Ω–¥–∏–≤–∏–¥—É–∞–ª—å–Ω—ã–π –ø—Ä–æ–µ–∫—Ç
–†–∞–∑–¥–µ–ª—å–Ω—ã–π —Å–∞–Ω—É–∑–µ–ª / –ö–≤–∞—Ä—Ç–∏—Ä–∞ –Ω–µ —É–≥–ª–æ–≤–∞—è‚ÄºÔ∏è
–ö–æ–º–Ω–∞—Ç—ã –≤—Å–µ –∏–∑–æ–ª–∏—Ä–æ–≤–∞–Ω–Ω—ã–µ
–ü–ª–æ—â–∞–¥—å: 65–º2 / –ö–∏—Ä–ø–∏—á–Ω—ã–π –¥–æ–º
–ö–æ–º–º—É–Ω–∏–∫–∞—Ü–∏–∏ –≤—Å–µ —Ü–µ–Ω—Ç—Ä–∞–ª—å–Ω—ã–µ.

–¶–µ–Ω–∞: 85000$ –û–∫–æ–Ω—á–∞—Ç–µ–ª—å–Ω–æ. –ë–µ–∑ –¢–æ—Ä–≥–∞‚ÄºÔ∏è

‚ÄºÔ∏è–°–æ–±—Å—Ç–≤–µ–Ω–Ω–∏–∫. –ù–µ –ê–≥–µ–Ω—Ç—Å—Ç–≤–æ‚ÄºÔ∏è
–ê–≥–µ–Ω—Ç—Å—Ç–≤–∞–º –ø—Ä–æ—Å—å–±–∞ –Ω–µ –±–µ—Å–ø–æ–∫–æ–∏—Ç—å‚ÄºÔ∏è
–§–æ—Ç–æ –∏ –≤–∏–¥–µ–æ –º–æ–≥—É —Å–∫–∏–Ω—É—Ç—å —á–µ—Ä–µ–∑ WhatsApp 

–¢–µ–ª–µ—Ñ–æ–Ω: 0500260490 (WhatsApp)","–≠—Ç–∞ –∫–≤–∞—Ä—Ç–∏—Ä–∞ –Ω–∞ 12.37% –¥–µ—à–µ–≤–ª–µ –ø–æ—Ö–æ–∂–∏—Ö
–¶–µ–Ω–∞ –∑–∞ –º2 —ç—Ç–æ–π –∫–≤–∞—Ä—Ç–∏—Ä—ã –Ω–∞ 1.55% –¥–µ—à–µ–≤–ª–µ –ø–æ—Ö–æ–∂–∏—Ö",74.5791,42.8737,https://www.house.kg/details/22538066e71060322f88-60952118
"3-–∫–æ–º–Ω. –∫–≤., 66 –º2",–æ—Ç —Å–æ–±—Å—Ç–≤–µ–Ω–Ω–∏–∫–∞,7 176 550 —Å–æ–º,296,2,"–ë–∏—à–∫–µ–∫, 7 –º-–Ω, –ñ—É–∫–µ–µ–≤–∞-–ü—É–¥–æ–≤–∫–∏–Ω–∞ 30/–ê–∞–ª—ã-–¢–æ–∫–æ–º–±–∞–µ–≤–∞",,8 —ç—Ç–∞–∂ –∏–∑ 9,–ø—É—Å—Ç–∞—è,105 —Å–µ—Ä–∏—è —É–ª—É—á—à–µ–Ω–Ω–∞—è,"–ø–∞–Ω–µ–ª—å–Ω—ã–π, 1980 –≥.",–î–æ–±–∞–≤–ª–µ–Ω–æ 4 –¥–Ω—è –Ω–∞–∑–∞–¥,—Å—Ä–µ–¥–Ω–µ–µ,,–º–∞–≥–∏—Å—Ç—Ä–∞–ª—å–Ω—ã–π,"–¥–æ–≥–æ–≤–æ—Ä –∫—É–ø–ª–∏-–ø—Ä–æ–¥–∞–∂–∏,                                             —Ç–µ—Ö–Ω–∏—á–µ—Å–∫–∏–π –ø–∞—Å–ø–æ—Ä—Ç",—Ü–µ–Ω—Ç—Ä–∞–ª—å–Ω–æ–µ,—Ä—è–¥–æ–º –æ—Ö—Ä–∞–Ω—è–µ–º–∞—è —Å—Ç–æ—è–Ω–∫–∞,–æ–±–º–µ–Ω –Ω–∞ –∞–≤—Ç–æ,–µ—Å—Ç—å,"<div class=""label"">–í–æ–∑–º–æ–∂–Ω–æ—Å—Ç—å —Ä–∞—Å—Å—Ä–æ—á–∫–∏</div>",–¥–µ—Ä–µ–≤—è–Ω–Ω–∞—è,–∑–∞—Å—Ç–µ–∫–ª–µ–Ω–Ω—ã–π –±–∞–ª–∫–æ–Ω,–ª–∏–Ω–æ–ª–µ—É–º,"–ø–ª–∞—Å—Ç–∏–∫–æ–≤—ã–µ –æ–∫–Ω–∞,                                             —É–ª—É—á—à–µ–Ω–Ω–∞—è,                                             –∫–æ–º–Ω–∞—Ç—ã –∏–∑–æ–ª–∏—Ä–æ–≤–∞–Ω—ã,                                             –∫–ª–∞–¥–æ–≤–∫–∞,                                             —Ç–∏—Ö–∏–π –¥–≤–æ—Ä",–≤–æ–∑–º–æ–∂–Ω–æ –ø–æ–¥–∫–ª—é—á–µ–Ω–∏–µ,adsl,"—Ä–µ—à–µ—Ç–∫–∏ –Ω–∞ –æ–∫–Ω–∞—Ö,                                             –¥–æ–º–æ—Ñ–æ–Ω,                                             –≤–∏–¥–µ–æ–Ω–∞–±–ª—é–¥–µ–Ω–∏–µ",—Ä–∞–∑–¥–µ–ª—å–Ω—ã–π,JI 26,"–°—Ä–æ—á–Ω–æ! –ü—Ä–æ–¥–∞–µ—Ç—Å—è: 3-—Ö –∫–æ–º–Ω–∞—Ç–Ω–∞—è –∫–≤–∞—Ä—Ç–∏—Ä–∞
–ê–¥—Ä–µ—Å: 7-–π –ú–∏–∫—Ä–æ—Ä–∞–π–æ–Ω. –û—Ä–∏–µ–Ω—Ç–∏—Ä: –ë–∞–Ω–∫ KICB
–≠—Ç–∞–∂: 8 –∏–∑ 9  / –°–µ—Ä–∏—è: 105 —É–ª—É—á—à–µ–Ω–Ω–∞—è
–ü–ª–æ—â–∞–¥—å: 60–º2 (+6–º2 –ë–∞–ª–∫–æ–Ω –∏ –ª–æ–¥–∂–∏—è)
–ö–æ–º–º—É–Ω–∏–∫–∞—Ü–∏–∏ –≤—Å–µ —Ü–µ–Ω—Ç—Ä–∞–ª—å–Ω—ã–µ.
–ï—Å—Ç—å –≤–æ–∑–º–æ–∂–Ω–æ—Å—Ç—å –ø—Ä–∏—Å–æ–µ–¥–∏–Ω–∏—Ç—å —Å—É—à–∏–ª–∫—É –∏ —Å–¥–µ–ª–∞—Ç—å 4-—Ö –∫–æ–º–Ω–∞—Ç–Ω—É—é –∫–≤–∞—Ä—Ç–∏—Ä—É.
(–í—Å–µ —Å–æ—Å–µ–¥–∏ —Ç–∞–∫ –∏ —Å–¥–µ–ª–∞–ª–∏).

–í–æ–∑–º–æ–∂–µ–Ω –æ–±–º–µ–Ω –Ω–∞ –Ω–µ–¥–æ—Ä–æ–≥–æ–µ –∞–≤—Ç–æ —Å –¥–æ–ø–ª–∞—Ç–æ–π –Ω–∞–º‚úÖ
–ü—Ä–æ—Å—å–±–∞ –æ—Ü–µ–Ω–∏–≤–∞—Ç—å —Å–≤–æ–∏ –ê–í–¢–û –ø–æ —Ä–µ–∞–ª—å–Ω–æ–π —Ü–µ–Ω–µ, –∏–Ω–∞—á–µ –Ω–∞ –æ–±–º–µ–Ω —Ü–µ–Ω–∞ –∫–≤–∞—Ä—Ç–∏—Ä—ã –±—É–¥–µ—Ç –Ω–∞–º–Ω–æ–≥–æ –¥–æ—Ä–æ–∂–µ.‚ÄºÔ∏è

–í–æ–∑–º–æ–∂–µ–Ω –≤–∞—Ä–∏–∞–Ω—Ç –ø—Ä–∏–æ–±—Ä–µ—Ç–µ–Ω–∏—è —á–µ—Ä–µ–∑ –ë–∞–Ω–∫
(–ò–ø–æ—Ç–µ–∫–∞)‚úÖ

–¶–µ–Ω–∞: 85000$ –û–∫–æ–Ω—á–∞—Ç–µ–ª—å–Ω–æ‚ÄºÔ∏è –ë–µ–∑ –¢–æ—Ä–≥–∞‚ÄºÔ∏è

–°–æ–±—Å—Ç–≤–µ–Ω–Ω–∏–∫. –ù–µ –ê–≥–µ–Ω—Ç—Å—Ç–≤–æ‚ÄºÔ∏è
–ê–≥–µ–Ω—Ç—Å—Ç–≤–∞–º –ø—Ä–æ—Å—å–±–∞ –Ω–µ –±–µ—Å–ø–æ–∫–æ–∏—Ç—å‚ÄºÔ∏è
–§–æ—Ç–æ –∏ –≤–∏–¥–µ–æ –º–æ–≥—É —Å–∫–∏–Ω—É—Ç—å —á–µ—Ä–µ–∑ WhatsApp 
–¢–µ–ª–µ—Ñ–æ–Ω: 0500260490 (WhatsApp)",,74.6151,42.8279,https://www.house.kg/details/325043666e711ddd4fd54-61029555
"2-–∫–æ–º–Ω. –∫–≤., 74 –º2",–æ—Ç –∞–≥–µ–Ω—Ç–∞,11 989 060 —Å–æ–º,141,1,"–ë–∏—à–∫–µ–∫, –ê–∫ –ö–µ–º–µ, –¢–æ–ª–æ–º—É—à –û–∫–µ–µ–≤–∞",–ñ–∏–ª–æ–π –∫–æ–º–ø–ª–µ–∫—Å ¬´IHLAS Residence¬ª,3 —ç—Ç–∞–∂ –∏–∑ 14,–ø–æ–ª–Ω–æ—Å—Ç—å—é –º–µ–±–ª–∏—Ä–æ–≤–∞–Ω–∞,—ç–ª–∏—Ç–∫–∞,"–º–æ–Ω–æ–ª–∏—Ç–Ω—ã–π, 2019 –≥.",–î–æ–±–∞–≤–ª–µ–Ω–æ 9 —á–∞—Å–æ–≤ –Ω–∞–∑–∞–¥,–µ–≤—Ä–æ—Ä–µ–º–æ–Ω—Ç,3.2 –º.,–∞–≤—Ç–æ–Ω–æ–º–Ω—ã–π,,–∞–≤—Ç–æ–Ω–æ–º–Ω–æ–µ,–ø–∞—Ä–∫–∏–Ω–≥,,,,–º–µ—Ç–∞–ª–ª–∏—á–µ—Å–∫–∞—è,–∑–∞—Å—Ç–µ–∫–ª–µ–Ω–Ω—ã–π –±–∞–ª–∫–æ–Ω,,"–ø–ª–∞—Å—Ç–∏–∫–æ–≤—ã–µ –æ–∫–Ω–∞,                                             —É–ª—É—á—à–µ–Ω–Ω–∞—è,                                             –Ω–æ–≤–∞—è —Å–∞–Ω—Ç–µ—Ö–Ω–∏–∫–∞,                                             –Ω–µ—É–≥–ª–æ–≤–∞—è,                                             –∫–æ–º–Ω–∞—Ç—ã –∏–∑–æ–ª–∏—Ä–æ–≤–∞–Ω—ã,                                             —Ç–∏—Ö–∏–π –¥–≤–æ—Ä",–≤–æ–∑–º–æ–∂–Ω–æ –ø–æ–¥–∫–ª—é—á–µ–Ω–∏–µ,,"–æ—Ö—Ä–∞–Ω–∞,                                             –≤–∏–¥–µ–æ–Ω–∞–±–ª—é–¥–µ–Ω–∏–µ,                                             –∫–æ–Ω—Å—å–µ—Ä–∂",—Ä–∞–∑–¥–µ–ª—å–Ω—ã–π,The.level.group,"üî•–ü—Ä–æ–¥–∞–µ—Ç—Å—è 2—Ö –∫–æ–º–Ω–∞—Ç–Ω–∞—è –∫–≤–∞—Ä—Ç–∏—Ä–∞ –≤ –∫–æ–º–ø–ª–µ–∫—Å–µ –ø—Ä–µ–º–∏—É–º –∫–ª–∞—Å—Å–∞ ¬´IHLAS RESIDENCE¬ª 
üìç–†–∞–π–æ–Ω –°—Ç–∞—Ä–æ–≥–æ –ê—ç—Ä–æ–ø–æ—Ä—Ç–∞ (–ê–∫ - –ö–µ–º–µ)
–°–≤–µ–∂–∏–π —Ä–µ–º–æ–Ω—Ç –Ω–∏–∫—Ç–æ –Ω–µ –∂–∏–ª 
üìê–ü–ª–æ—â–∞–¥—å 74 –º2
üèõÔ∏è–≠—Ç–∞–∂ 3 / 14 
üõãÔ∏è–° –º–µ–±–µ–ª—å—é –∏ —Ç–µ—Ö–Ω–∏–∫–æ–π
‚Å†‚ô®Ô∏è–ì–∞–∑–æ–≤–æ–µ –æ—Ç–æ–ø–ª–µ–Ω–∏–µ
üÖøÔ∏è–ü–æ–¥–∑–µ–º–Ω—ã–π –∏ –Ω–∞–∑–µ–º–Ω—ã–π –ø–∞—Ä–∫–∏–Ω–≥ –¢–µ—Ö.–ø–∞—Å–ø–æ—Ä—Ç –µ—Å—Ç—å,      
üìÉ–¥–æ–≥–æ–≤–æ—Ä –∫—É–ø–ª–∏/–ø—Ä–æ–¥–∞–∂–∏, –∫—Ä–∞—Å–Ω–∞—è –∫–Ω–∏–≥–∞, –∞–∫—Ç –≤–≤–æ–¥–∞ –≤ —ç–∫—Å–ø–ª—É–∞—Ç–∞—Ü–∏—é
üìå–û—Ç–ª–∏—á–Ω–æ–µ –º–µ—Å—Ç–æ–ø–æ–ª–æ–∂–µ–Ω–∏–µ
üèûÔ∏è–†—è–¥–æ–º –¢–¶ –ê–ª–∞ - –ê—Ä—á–∞, –ø–∞—Ä–∫ –´–Ω—Ç—ã–º–∞–∫, —à–∫–æ–ª–∞ –û–∫—Å—Ñ–æ—Ä–¥ –∏ —Ç.–ø.
üíµ–¶–µ–Ω–∞: 142 000 $","–≠—Ç–∞ –∫–≤–∞—Ä—Ç–∏—Ä–∞ –Ω–∞ 46.39% –¥–æ—Ä–æ–∂–µ –ø–æ—Ö–æ–∂–∏—Ö
–¶–µ–Ω–∞ –∑–∞ –º2 —ç—Ç–æ–π –∫–≤–∞—Ä—Ç–∏—Ä—ã –Ω–∞ 38.78% –¥–æ—Ä–æ–∂–µ –ø–æ—Ö–æ–∂–∏—Ö",74.5828,42.836,https://www.house.kg/details/108621666ebaa27a08812-32086718
"2-–∫–æ–º–Ω. –∫–≤., 64.5 –º2",–æ—Ç —Å–æ–±—Å—Ç–≤–µ–Ω–Ω–∏–∫–∞,11 398 050 —Å–æ–º,297,3,"–ë–∏—à–∫–µ–∫, –°—Ç–∞—Ä—ã–π –∞—ç—Ä–æ–ø–æ—Ä—Ç, –ê–∂—ã–±–µ–∫ –ë–∞–∞—Ç—ã—Ä–∞ 3/1/–ê—ç—Ä–æ–ø–æ—Ä—Ç–∏–Ω—Å–∫–∞—è",,8 —ç—Ç–∞–∂ –∏–∑ 9,–ø–æ–ª–Ω–æ—Å—Ç—å—é –º–µ–±–ª–∏—Ä–æ–≤–∞–Ω–∞,—ç–ª–∏—Ç–∫–∞,–º–æ–Ω–æ–ª–∏—Ç–Ω—ã–π,–î–æ–±–∞–≤–ª–µ–Ω–æ 1 –¥–µ–Ω—å –Ω–∞–∑–∞–¥,–µ–≤—Ä–æ—Ä–µ–º–æ–Ω—Ç,3 –º.,,—Ç–µ—Ö–Ω–∏—á–µ—Å–∫–∏–π –ø–∞—Å–ø–æ—Ä—Ç,—Ü–µ–Ω—Ç—Ä–∞–ª—å–Ω–æ–µ,—Ä—è–¥–æ–º –æ—Ö—Ä–∞–Ω—è–µ–º–∞—è —Å—Ç–æ—è–Ω–∫–∞,–æ–±–º–µ–Ω –Ω–µ –ø—Ä–µ–¥–ª–∞–≥–∞—Ç—å,,,–±—Ä–æ–Ω–∏—Ä–æ–≤–∞–Ω–Ω–∞—è,–±–∞–ª–∫–æ–Ω,–ª–∞–º–∏–Ω–∞—Ç,,,–ø—Ä–æ–≤–æ–¥–Ω–æ–π,"–¥–æ–º–æ—Ñ–æ–Ω,                                             —Å–∏–≥–Ω–∞–ª–∏–∑–∞—Ü–∏—è,                                             –≤–∏–¥–µ–æ–¥–æ–º–æ—Ñ–æ–Ω,                                             –æ—Ö—Ä–∞–Ω–∞,                                             –≤–∏–¥–µ–æ–Ω–∞–±–ª—é–¥–µ–Ω–∏–µ",—Å–æ–≤–º–µ—â–µ–Ω–Ω—ã–π,–ü–æ–ª—å–∑–æ–≤–∞—Ç–µ–ª—å,"–ü—Ä–æ–¥–∞–µ—Ç—Å—è 2-—Ö –∫–æ–º–Ω–∞—Ç–Ω–∞—è –∫–≤–∞—Ä—Ç–∏—Ä–∞ –≤ –∂/–∫ ""–°–∫–∞–π–¥–æ–º"". –ö–≤–∞—Ä—Ç–∏—Ä–∞ –ø–æ–ª–Ω–æ—Å—Ç—å—é –æ–±—Å—Ç–∞–≤–ª–µ–Ω–∞ –º–µ–±–µ–ª—å—é –∏ —Ç–µ—Ö–Ω–∏–∫–æ–π. –ò–º–µ—é—Ç—Å—è –≤—Å–µ —É—Å–ª–æ–≤–∏—è –¥–ª—è –º–æ–º–µ–Ω—Ç–∞–ª—å–Ω–æ–≥–æ –∑–∞–µ–∑–¥–∞ –∏ –ø—Ä–æ–∂–∏–≤–∞–Ω–∏—è. 
–ê–≥–µ–Ω—Å—Ç–≤–∞ –ø—Ä–æ—à—É –Ω–µ –±–µ—Å–ø–æ–∫–æ–∏—Ç—å! –ü—Ä–æ–¥–∞–∂–∞ –æ—Ç —Å–æ–±—Å—Ç–≤–µ–Ω–Ω–∏–∫–∞.","–≠—Ç–∞ –∫–≤–∞—Ä—Ç–∏—Ä–∞ –Ω–∞ 29.81% –¥–æ—Ä–æ–∂–µ –ø–æ—Ö–æ–∂–∏—Ö
–¶–µ–Ω–∞ –∑–∞ –º2 —ç—Ç–æ–π –∫–≤–∞—Ä—Ç–∏—Ä—ã –Ω–∞ 20.54% –¥–æ—Ä–æ–∂–µ –ø–æ—Ö–æ–∂–∏—Ö",74.5795,42.8409,https://www.house.kg/details/686619066ea53e27dcf75-10170290
"1-–∫–æ–º–Ω. –∫–≤., 40 –º2",–æ—Ç —Å–æ–±—Å—Ç–≤–µ–Ω–Ω–∏–∫–∞,5 319 090 —Å–æ–º,1763,20,"–ë–∏—à–∫–µ–∫, –ú–∞–≥–∏—Å—Ç—Ä–∞–ª—å,  —É–ª. –ö—É—Ç—Ç—É–±–∞–µ–≤–∞, 15",Art City,7 —ç—Ç–∞–∂ –∏–∑ 12,,—ç–ª–∏—Ç–∫–∞,"–º–æ–Ω–æ–ª–∏—Ç–Ω—ã–π, 2023 –≥.",–î–æ–±–∞–≤–ª–µ–Ω–æ 17 –¥–Ω–µ–π –Ω–∞–∑–∞–¥,–µ–≤—Ä–æ—Ä–µ–º–æ–Ω—Ç,3 –º.,,,–Ω–∞ –≥–∞–∑–µ,,,,,,,,,,,,,.,"–ü—Ä–æ–¥–∞–µ—Ç—Å—è 1 –∫–æ–º –∫–≤–∞—Ä—Ç–∏—Ä–∞ –≤ —Ä–∞–π–æ–Ω–µ –ê—Å–∞–Ω–±–∞—è, –æ—Ç –∫–æ–º–ø–∞–Ω–∏–∏ –≠–ª–∏—Ç –•–∞—É—Å 40 –º2 —ç—Ç–∞–∂ 7 –∏–∑ 12 —Å–≤–µ–∂–∏–π —Ä–µ–º–æ–Ω—Ç, —Å–æ–ª–Ω–µ—á–Ω–∞—è —Å—Ç–æ—Ä–æ–Ω–∞ –æ–∫–Ω–∞ —Å–º–æ—Ç—Ä—è—Ç –Ω–∞ –≥–æ—Ä—ã –æ—Ç–æ–ø–ª–µ–Ω–∏–µ –≥–∞–∑–æ–≤–æ–µ, –¥–æ–∫—É–º–µ–Ω—Ç—ã –î–î–£ –æ—Ñ–æ—Ä–º–ª–µ–Ω–∏–µ —á–µ—Ä–µ–∑ –≥–æ—Å.—Ä–µ–≥–∏—Å—Ç—Ä , –ª–∏—Ñ—Ç –∑–∞–ø—É—â–µ–Ω –ø—Ä–æ–∂–∏–≤–∞—é—Ç 90% –∂–∏–ª—å—Ü–æ–≤. –û–±–º–µ–Ω–∞ –Ω–µ—Ç. –ó–≤–æ–Ω–∏—Ç–µ –∏–ª–∏ –ø–∏—à–∏—Ç–µ –Ω–∞ –≤–æ—Ç—Å–∞–ø. –ê–≥–µ–Ω—Ç—Å—Ç–≤–∞ –Ω–µ –±–µ—Å–ø–æ–∫–æ–∏—Ç—å. –°–æ–±—Å—Ç–≤–µ–Ω–Ω–∏–∫","–≠—Ç–∞ –∫–≤–∞—Ä—Ç–∏—Ä–∞ –Ω–∞ 3.03% –¥–æ—Ä–æ–∂–µ –ø–æ—Ö–æ–∂–∏—Ö
–¶–µ–Ω–∞ –∑–∞ –º2 —ç—Ç–æ–π –∫–≤–∞—Ä—Ç–∏—Ä—ã –Ω–∞ 24.91% –¥–æ—Ä–æ–∂–µ –ø–æ—Ö–æ–∂–∏—Ö",74.6191,42.8138,https://www.house.kg/details/270658666d5e60a7f1dd3-56050561
"1-–∫–æ–º–Ω. –∫–≤., 42 –º2",–æ—Ç —Å–æ–±—Å—Ç–≤–µ–Ω–Ω–∏–∫–∞,4 432 575 —Å–æ–º,581,10,"–ë–∏—à–∫–µ–∫, –ú–∞–≥–∏—Å—Ç—Ä–∞–ª—å, –§—É—á–∏–∫–∞ 38 –¥—Ä–æ–±—å 2/–∂–∏–±–µ–∫ –∂–æ–ª—É",,9 —ç—Ç–∞–∂ –∏–∑ 9,–ø–æ–ª–Ω–æ—Å—Ç—å—é –º–µ–±–ª–∏—Ä–æ–≤–∞–Ω–∞,—ç–ª–∏—Ç–∫–∞,"–º–æ–Ω–æ–ª–∏—Ç–Ω—ã–π, 2024 –≥.",–î–æ–±–∞–≤–ª–µ–Ω–æ 10 –¥–Ω–µ–π –Ω–∞–∑–∞–¥,–µ–≤—Ä–æ—Ä–µ–º–æ–Ω—Ç,3 –º.,–º–∞–≥–∏—Å—Ç—Ä–∞–ª—å–Ω—ã–π,–¥–æ–≥–æ–≤–æ—Ä –∫—É–ø–ª–∏-–ø—Ä–æ–¥–∞–∂–∏,–Ω–∞ –≥–∞–∑–µ,—Ä—è–¥–æ–º –æ—Ö—Ä–∞–Ω—è–µ–º–∞—è —Å—Ç–æ—è–Ω–∫–∞,,,,–±—Ä–æ–Ω–∏—Ä–æ–≤–∞–Ω–Ω–∞—è,–Ω–µ—Ç,–ª–∞–º–∏–Ω–∞—Ç,,–Ω–µ—Ç,–ø—Ä–æ–≤–æ–¥–Ω–æ–π,,—Å–æ–≤–º–µ—â–µ–Ω–Ω—ã–π,–ü–æ–ª—å–∑–æ–≤–∞—Ç–µ–ª—å,,"–≠—Ç–∞ –∫–≤–∞—Ä—Ç–∏—Ä–∞ –Ω–∞ 14.14% –¥–µ—à–µ–≤–ª–µ –ø–æ—Ö–æ–∂–∏—Ö
–¶–µ–Ω–∞ –∑–∞ –º2 —ç—Ç–æ–π –∫–≤–∞—Ä—Ç–∏—Ä—ã –Ω–∞ 0.86% –¥–µ—à–µ–≤–ª–µ –ø–æ—Ö–æ–∂–∏—Ö",74.6191,42.8138,https://www.house.kg/details/862814466dedaa88657c4-39762033
"2-–∫–æ–º–Ω. –∫–≤., 67 –º2",–æ—Ç —Å–æ–±—Å—Ç–≤–µ–Ω–Ω–∏–∫–∞,7 176 550 —Å–æ–º,6097,49,"—Å. –ö–æ–∫-–î–∂–∞—Ä, –ê–ª–º–∞-–ê—Ç–∏–Ω—Å–∫–∞—è/–Æ–∂–Ω–∞—è –º–∞–≥–∏—Å—Ç—Ä–∞–ª—å",–°–∞—Ä—ã-–ß–µ–ª–µ–∫,1 —ç—Ç–∞–∂ –∏–∑ 9,–ø–æ–ª–Ω–æ—Å—Ç—å—é –º–µ–±–ª–∏—Ä–æ–≤–∞–Ω–∞,106 —Å–µ—Ä–∏—è —É–ª—É—á—à–µ–Ω–Ω–∞—è,"–ø–∞–Ω–µ–ª—å–Ω—ã–π, 2016 –≥.",–î–æ–±–∞–≤–ª–µ–Ω–æ 4 –º–µ—Å—è—Ü–∞ –Ω–∞–∑–∞–¥,–µ–≤—Ä–æ—Ä–µ–º–æ–Ω—Ç,2.8 –º.,–º–∞–≥–∏—Å—Ç—Ä–∞–ª—å–Ω—ã–π,"–¥–æ–≥–æ–≤–æ—Ä –∫—É–ø–ª–∏-–ø—Ä–æ–¥–∞–∂–∏,                                             —Ç–µ—Ö–Ω–∏—á–µ—Å–∫–∏–π –ø–∞—Å–ø–æ—Ä—Ç,                                             –∫—Ä–∞—Å–Ω–∞—è –∫–Ω–∏–≥–∞",–Ω–∞ –≥–∞–∑–µ,–ø–∞—Ä–∫–∏–Ω–≥,,,,–±—Ä–æ–Ω–∏—Ä–æ–≤–∞–Ω–Ω–∞—è,,–ª–∞–º–∏–Ω–∞—Ç,"–ø–ª–∞—Å—Ç–∏–∫–æ–≤—ã–µ –æ–∫–Ω–∞,                                             —É–ª—É—á—à–µ–Ω–Ω–∞—è,                                             –Ω–æ–≤–∞—è —Å–∞–Ω—Ç–µ—Ö–Ω–∏–∫–∞,                                             –Ω–µ—É–≥–ª–æ–≤–∞—è,                                             –∫–æ–º–Ω–∞—Ç—ã –∏–∑–æ–ª–∏—Ä–æ–≤–∞–Ω—ã,                                             –≤—Å—Ç—Ä–æ–µ–Ω–Ω–∞—è –∫—É—Ö–Ω—è,                                             —Ç–∏—Ö–∏–π –¥–≤–æ—Ä",–≤–æ–∑–º–æ–∂–Ω–æ –ø–æ–¥–∫–ª—é—á–µ–Ω–∏–µ,–æ–ø—Ç–∏–∫–∞,"—Ä–µ—à–µ—Ç–∫–∏ –Ω–∞ –æ–∫–Ω–∞—Ö,                                             –¥–æ–º–æ—Ñ–æ–Ω,                                             –≤–∏–¥–µ–æ–Ω–∞–±–ª—é–¥–µ–Ω–∏–µ",—Ä–∞–∑–¥–µ–ª—å–Ω—ã–π,–°–µ—Ä–≥–µ–π,"–¢–æ—Ä–≥
–¢–µ—Ö–ø–∞—Å–ø–æ—Ä—Ç, –∫—Ä–∞—Å–Ω–∞—è –∫–Ω–∏–≥–∞.

–ß–∏—Ç–∞–π—Ç–µ –æ–ø–∏—Å–∞–Ω–∏–µ –¥–æ –∫–æ–Ω—Ü–∞

–ö–∞—á–µ—Å—Ç–≤–µ–Ω–Ω—ã–π –¥–∏–∑–∞–π–Ω–µ—Ä—Å–∫–∏–π —Ä–µ–º–æ–Ω—Ç.
–ü–æ–ª–Ω–æ—Å—Ç—å—é –Ω–æ–≤–∞—è —Å–∞–Ω—Ç–µ—Ö–Ω–∏–∫–∞ –∏ –Ω–æ–≤–∞—è —ç–ª–µ–∫—Ç—Ä–∏–∫–∞. 
–ù–æ–≤—ã–µ –æ–∫–Ω–∞, 5-–∫–∞–º–µ—Ä–Ω—ã–π –ø—Ä–æ—Ñ–∏–ª—å, 2-–∫–∞–º–µ—Ä–Ω—ã–π —Å—Ç–µ–∫–ª–æ–ø–∞–∫–µ—Ç. 
–û—Ç–æ–ø–ª–µ–Ω–∏–µ –≥–∞–∑–æ–≤–æ–µ + —Ç–µ–ø–ª—ã–π –ø–æ–ª –ø–æ –≤—Å–µ–π –∫–≤–∞—Ä—Ç–∏—Ä–µ, –≤ –∫–∞–∂–¥–æ–π –∫–æ–º–Ω–∞—Ç–µ. 
–í –∫—É—Ö–Ω–µ –∏ —Å–∞–Ω—É–∑–ª–∞—Ö –ø–ª–∏—Ç–∫–∞, –≤ –æ—Å—Ç–∞–ª—å–Ω—ã—Ö –∫–æ–º–Ω–∞—Ç–∞—Ö –ª–∞–º–∏–Ω–∞—Ç 33 –∫–ª–∞—Å—Å–∞ 12–º–º. 

–£—Å—Ç–∞–Ω–æ–≤–ª–µ–Ω—ã –¥–∞—Ç—á–∏–∫–∏ –ø—Ä–æ—Ç–µ—á–∫–∏ –≤–æ–¥—ã (3—à—Ç.) —Å–∏—Å—Ç–µ–º–∞ GIRDOLOCK.
–î—É—à–µ–≤–∞—è —Å–∏—Å—Ç–µ–º–∞ —Å —Ç–µ—Ä–º–æ—Å—Ç–∞—Ç–æ–º, –≤–æ–¥–∞ –±—É–¥–µ—Ç –≤—Å–µ–≥–¥–∞ –∑–∞–¥–∞–Ω–Ω–æ–π —Ç–µ–º–ø–µ—Ä–∞—Ç—É—Ä—ã –Ω–µ –∑–∞–≤–∏—Å–∏–º–æ –æ—Ç –º–µ–Ω—è—é—â–µ–≥–æ—Å—è –Ω–∞–ø–æ—Ä–∞.
–ü—Ä–æ–≤–µ–¥–µ–Ω—ã 2 —Ç—Ä–∞—Å—Å—ã –¥–ª—è –∫–æ–Ω–¥–∏—Ü–∏–æ–Ω–µ—Ä–æ–≤. –í—ã–≤–µ–¥–µ–Ω–∞ –≥–æ—Ñ—Ä–∞ –≤ –ø–æ–¥—ä–µ–∑–¥ –¥–ª—è –ø–æ–¥–∫–ª—é—á–µ–Ω–∏—è –∏–Ω—Ç–µ—Ä–Ω–µ—Ç–∞.
–ü—Ä–µ–º–∏—É–º —ç–ª–µ–∫—Ç—Ä–∏–∫–∞, —Ä–æ–∑–µ—Ç–∫–∏ –∏ –¥–∞—Ç—á–∏–∫–∏ —Ç–µ–ø–ª–æ–≥–æ –ø–æ–ª–∞ Panasonic.
–¢–µ–ø–ª—ã–π –ø–æ–ª –∑–∞–ª–∏—Ç –≤ —Å—Ç—è–∂–∫—É, –ø–æ–ª–Ω–æ—Å—Ç—å—é –±–µ–∑–æ–ø–∞—Å–µ–Ω –æ—Ç –ø–æ–∂–∞—Ä–æ–≤.
–û—á–µ–Ω—å –º–Ω–æ–≥–æ –º–µ—Å—Ç–∞ –¥–ª—è —Ö—Ä–∞–Ω–µ–Ω–∏—è –≤–µ—â–µ–π, –≤—Å—ë –ø—Ä–æ–¥—É–º–∞–Ω–æ –¥–æ –º–µ–ª–æ—á–µ–π. 
–í—Å—Ç—Ä–æ–µ–Ω–Ω—ã–µ —à–∫–∞—Ñ—ã, –æ–≥—Ä–æ–º–Ω–∞—è –∞–Ω—Ç—Ä–µ—Å–æ–ª—å. –°–∫—Ä—ã—Ç–æ–µ –º–µ—Å—Ç–æ –¥–ª—è —Ä–æ–±–æ—Ç–∞-–ø—ã–ª–µ—Å–æ—Å–∞.
–ü—Ä–æ–¥—É–º–∞–Ω–æ –¥–∞–∂–µ –º–µ—Å—Ç–æ –¥–ª—è —Ö—Ä–∞–Ω–µ–Ω–∏—è –∞–≤—Ç–æ–º–æ–±–∏–ª—å–Ω—ã—Ö —à–∏–Ω.
–í—Å–µ —à–∫–∞—Ñ—ã —Å –¥–æ–≤–æ–¥—á–∏–∫–∞–º–∏, —Å –∫–∞—á–µ—Å—Ç–≤–µ–Ω–Ω–æ–π —Ñ—É—Ä–Ω–∏—Ç—É—Ä–æ–π, –ø—Ä–æ—Å–ª—É–∂–∞—Ç –º–Ω–æ–≥–æ –ª–µ—Ç.
–ö—É—Ö–Ω—è - –º–µ—á—Ç–∞, —Å—Ç–æ–ª–µ—à–Ω–∏—Ü–∞ –≥–ª—É–±–∏–Ω–æ–π 80 —Å–º, –æ—á–µ–Ω—å —É–¥–æ–±–Ω–∞—è. –§–∞—Ä—Ç—É–∫ –∏–∑ –∫–µ—Ä–∞–º–æ–≥—Ä–∞–Ω–∏—Ç–∞.
–í–µ–∑–¥–µ –Ω–∞—Ç—è–∂–Ω—ã–µ –ø–æ—Ç–æ–ª–∫–∏ –∏–∑ –ø—Ä–µ–º–∏—É–º –º–∞—Ç–µ—Ä–∏–∞–ª–∞.

–û–∫–Ω–∞ –≤—ã—Ö–æ–¥—è—Ç –Ω–∞ —Ç–∏—Ö–∏–π –∑–∞–¥–Ω–∏–π –¥–≤–æ—Ä, –ª–µ—Ç–æ–º –Ω–µ –∂–∞—Ä–∫–æ.
–í–∏–¥–µ–æ–Ω–∞–±–ª—é–¥–µ–Ω–∏–µ –≤ –ø–æ–¥—ä–µ–∑–¥–∞—Ö –∏ —Å–Ω–∞—Ä—É–∂–∏ –¥–æ–º–∞.
–û–≥–æ—Ä–æ–∂–µ–Ω–∞—è –∞–≤—Ç–æ—Å—Ç–æ—è–Ω–∫–∞, —à–ª–∞–≥–±–∞—É–º –æ—Ç–∫—Ä—ã–≤–∞–µ—Ç—Å—è —á–µ—Ä–µ–∑ –ø—Ä–∏–ª–æ–∂–µ–Ω–∏–µ –Ω–∞ —Å–º–∞—Ä—Ç—Ñ–æ–Ω–µ.
–ù–∞ —Ç–µ—Ä—Ä–∏—Ç–æ—Ä–∏–∏ –∫–æ–º–ø–ª–µ–∫—Å–∞ –µ—Å—Ç—å –≤—Å–µ –Ω—É–∂–Ω—ã–µ –º–∞–≥–∞–∑–∏–Ω—ã, –≤ —Ç–æ–º —á–∏—Å–ª–µ —Å –¥–µ—Ç—Å–∫–∏–º–∏ —Ç–æ–≤–∞—Ä–∞–º–∏.
–ï—Å—Ç—å –º–∞–≥–∞–∑–∏–Ω –ê–∑–±—É–∫–∞, –µ—Å—Ç—å 4 –∞–ø—Ç–µ–∫–∏, –ø–µ–∫–∞—Ä–Ω—è, –µ—Å—Ç—å —Ö–æ–∑—Ç–æ–≤–∞—Ä—ã, –µ—â–µ 3 –ø—Ä–æ–¥—É–∫—Ç–æ–≤—ã—Ö –º–∞–≥–∞–∑–∏–Ω–∞, –ø—É–Ω–∫—Ç –≤—ã–¥–∞—á–∏ Wildberries.
–ü—Ä—è–º–æ–π –≤—ã—Ö–æ–¥ –Ω–∞ –∞–ª–º–∞—Ç–∏–Ω–∫—É, —Å —Ç—Ä–∞–Ω—Å–ø–æ—Ä—Ç–æ–º –ø—Ä–æ–±–ª–µ–º –Ω–µ—Ç.
–†–∞–±–æ—Ç–∞—é—Ç –¥–æ—Å—Ç–∞–≤–∫–∏ –µ–¥—ã Glovo, Yandex, Namba –∏ –¥—Ä.

–ü—Ä–æ–¥–∞–µ—Ç—Å—è –±–µ–∑ —Ç–µ—Ö–Ω–∏–∫–∏ –∏ –º—è–≥–∫–æ–π –º–µ–±–µ–ª–∏","–≠—Ç–∞ –∫–≤–∞—Ä—Ç–∏—Ä–∞ –Ω–∞ 6.25% –¥–æ—Ä–æ–∂–µ –ø–æ—Ö–æ–∂–∏—Ö
–¶–µ–Ω–∞ –∑–∞ –º2 —ç—Ç–æ–π –∫–≤–∞—Ä—Ç–∏—Ä—ã –Ω–∞ 7.86% –¥–æ—Ä–æ–∂–µ –ø–æ—Ö–æ–∂–∏—Ö",74.6478,42.8151,https://www.house.kg/details/9086744666184de139160-28485196
"2-–∫–æ–º–Ω. –∫–≤., 80 –º2",–æ—Ç —Å–æ–±—Å—Ç–≤–µ–Ω–Ω–∏–∫–∞,8 865 150 —Å–æ–º,7386,41,"–ë–∏—à–∫–µ–∫, 12 –º-–Ω 20/5",,9 —ç—Ç–∞–∂ –∏–∑ 14,—á–∞—Å—Ç–∏—á–Ω–æ –º–µ–±–ª–∏—Ä–æ–≤–∞–Ω–∞,—ç–ª–∏—Ç–∫–∞,"–º–æ–Ω–æ–ª–∏—Ç–Ω—ã–π, 2019 –≥.",–î–æ–±–∞–≤–ª–µ–Ω–æ 7 –º–µ—Å—è—Ü–µ–≤ –Ω–∞–∑–∞–¥,–µ–≤—Ä–æ—Ä–µ–º–æ–Ω—Ç,3 –º.,–≤–æ–∑–º–æ–∂–Ω–æ –ø–æ–¥–∫–ª—é—á–µ–Ω–∏–µ,–¥–æ–≥–æ–≤–æ—Ä –¥–æ–ª–µ–≤–æ–≥–æ —É—á–∞—Å—Ç–∏—è,—Ü–µ–Ω—Ç—Ä–∞–ª—å–Ω–æ–µ,,,,,–º–µ—Ç–∞–ª–ª–∏—á–µ—Å–∫–∞—è,–ª–æ–¥–∂–∏—è,–ª–∞–º–∏–Ω–∞—Ç,"–ø–ª–∞—Å—Ç–∏–∫–æ–≤—ã–µ –æ–∫–Ω–∞,                                             –Ω–æ–≤–∞—è —Å–∞–Ω—Ç–µ—Ö–Ω–∏–∫–∞,                                             –∫–æ–Ω–¥–∏—Ü–∏–æ–Ω–µ—Ä,                                             –∫–æ–º–Ω–∞—Ç—ã –∏–∑–æ–ª–∏—Ä–æ–≤–∞–Ω—ã,                                             –≤—Å—Ç—Ä–æ–µ–Ω–Ω–∞—è –∫—É—Ö–Ω—è,                                             –∫–ª–∞–¥–æ–≤–∫–∞,                                             —Ç–∏—Ö–∏–π –¥–≤–æ—Ä",–Ω–µ—Ç,–ø—Ä–æ–≤–æ–¥–Ω–æ–π,–≤–∏–¥–µ–æ–¥–æ–º–æ—Ñ–æ–Ω,—Å–æ–≤–º–µ—â–µ–Ω–Ω—ã–π,–ü–æ–ª—å–∑–æ–≤–∞—Ç–µ–ª—å,–í—ã–¥–∞—á–∞ —Ç–µ—Ö–ø–∞—Å–ø–æ—Ä—Ç–∞ –≤ —Ç–µ—á–µ–Ω–∏–∏ –º–µ—Å—è—Ü–∞!,"–≠—Ç–∞ –∫–≤–∞—Ä—Ç–∏—Ä–∞ –Ω–∞ 25% –¥–æ—Ä–æ–∂–µ –ø–æ—Ö–æ–∂–∏—Ö
–¶–µ–Ω–∞ –∑–∞ –º2 —ç—Ç–æ–π –∫–≤–∞—Ä—Ç–∏—Ä—ã –Ω–∞ 5.05% –¥–µ—à–µ–≤–ª–µ –ø–æ—Ö–æ–∂–∏—Ö",74.6372,42.8154,https://www.house.kg/details/745036365c9029549e815-51087136
"2-–∫–æ–º–Ω. –∫–≤., 64 –º2",–æ—Ç —Å–æ–±—Å—Ç–≤–µ–Ω–Ω–∏–∫–∞,6 585 540 —Å–æ–º,638,5,"–ë–∏—à–∫–µ–∫, –ê–Æ Grand,  —É–ª.–ê–Ω–∫–∞—Ä  1/19","–ñ–ö ""–í–æ—Å—Ç–æ—á–Ω—ã–π –ü–∞—Ä–∫""",14 —ç—Ç–∞–∂ –∏–∑ 14,,—ç–ª–∏—Ç–∫–∞,"–∫–∏—Ä–ø–∏—á–Ω—ã–π, 2024 –≥.",–î–æ–±–∞–≤–ª–µ–Ω–æ 3 –¥–Ω—è –Ω–∞–∑–∞–¥,–µ–≤—Ä–æ—Ä–µ–º–æ–Ω—Ç,,,,—Ü–µ–Ω—Ç—Ä–∞–ª—å–Ω–æ–µ,,,,,,,,,,,,,–ü–æ–ª—å–∑–æ–≤–∞—Ç–µ–ª—å,"–ü—Ä–æ–¥–∞—é 2—Ö –∫–æ–º–Ω–∞—Ç–Ω—É—é –∫–≤–∞—Ä—Ç–∏—Ä—É. 
–†–µ–º–æ–Ω—Ç —Å–≤–µ–∂–∏–π, –ñ–ö ¬´–í–æ—Å—Ç–æ—á–Ω—ã–π –ø–∞—Ä–∫¬ª –æ—Ç–æ–ø–ª–µ–Ω–∏–µ —Ü–µ–Ω—Ç—Ä–∞–ª—å–Ω–æ–µ, –¥–æ–∫—É–º–µ–Ω—Ç—ã –î–î–£,
–≠—Ç–∞–∂ 14 –∏–∑ 14
–í–æ–ø—Ä–æ—Å—ã –ø–æ –Ω–æ–º–µ—Ä—É 0(508)106-106","–≠—Ç–∞ –∫–≤–∞—Ä—Ç–∏—Ä–∞ –Ω–∞ 9.75% –¥–æ—Ä–æ–∂–µ –ø–æ—Ö–æ–∂–∏—Ö
–¶–µ–Ω–∞ –∑–∞ –º2 —ç—Ç–æ–π –∫–≤–∞—Ä—Ç–∏—Ä—ã –Ω–∞ 5.28% –¥–æ—Ä–æ–∂–µ –ø–æ—Ö–æ–∂–∏—Ö",74.672,42.8565,https://www.house.kg/details/795527266e8673a469720-94726387
"4-–∫–æ–º–Ω. –∫–≤., 180 –º2",–æ—Ç –∞–≥–µ–Ω—Ç–∞,16 337 205 —Å–æ–º,222,,"–ë–∏—à–∫–µ–∫, –ú–∞–≥–∏—Å—Ç—Ä–∞–ª—å, –ø—Ä-—Ç –ß. –ê–π—Ç–º–∞—Ç–æ–≤–∞/–ê. –ú–∞—Å–∞–ª–∏–µ–≤–∞",–ñ–∏–ª–æ–π –∫–æ–º–ø–ª–µ–∫—Å ¬´–Æ–∂–Ω—ã–π –ö–≤–∞—Ä—Ç–∞–ª¬ª,8 —ç—Ç–∞–∂ –∏–∑ 14,,—ç–ª–∏—Ç–∫–∞,"–º–æ–Ω–æ–ª–∏—Ç–Ω—ã–π, 2020 –≥.",–î–æ–±–∞–≤–ª–µ–Ω–æ 21 —á–∞—Å –Ω–∞–∑–∞–¥,–ø–æ–¥ —Å–∞–º–æ–æ—Ç–¥–µ–ª–∫—É (–ø—Å–æ),3.2 –º.,,–¥–æ–≥–æ–≤–æ—Ä –¥–æ–ª–µ–≤–æ–≥–æ —É—á–∞—Å—Ç–∏—è,—Ü–µ–Ω—Ç—Ä–∞–ª—å–Ω–æ–µ,,,,,,,,,,,,,AKGROUP,"üìç–ø—Ä–æ—Å–ø–µ–∫—Ç –ß.–ê–π—Ç–º–∞—Ç–æ–≤–∞, –≤—ã—à–µ –£–ª.–ú–∞—Å–∞–ª–∏–µ–≤–∞ 
‚ñ´Ô∏è–ñ–ö ¬´–Æ–∂–Ω—ã–π¬ª
‚ñ´Ô∏è–ó–∞—Å—Ç—Ä–æ–π—â–∏–∫ ¬´–ò—Ö–ª–∞—Å¬ª
‚ñ´Ô∏è –°–∞–º–∞—è –≥–ª–∞–≤–Ω–∞—è –æ—Å–æ–±–µ–Ω–Ω–æ—Å—Ç—å —ç—Ç–æ–≥–æ –∫–æ–º–ø–ª–µ–∫—Å–∞ ‚Äì –µ–≥–æ –Ω–µ–≤–µ—Ä–æ—è—Ç–Ω—ã–π —Ä–∞–∑–º–µ—Ä 2,8 –≥–µ–∫—Ç–∞—Ä–∞.
‚ñ´Ô∏è–ö–ª–∞—Å—Å: –ü—Ä–µ–º–∏—É–º 
‚ñ´Ô∏è–ö–æ–º–Ω–∞—Ç:4
‚ñ´Ô∏è–ü–ª–æ—â–∞–¥—å: 180 –º2
‚ñ´Ô∏è–≠—Ç–∞–∂: 8 –∏–∑ 14
‚ñ´Ô∏è–ö–æ–º–º—É–Ω–∏–∫–∞—Ü–∏–∏: –¶–µ–Ω—Ç—Ä–∞–ª—å–Ω—ã–µ 
‚ñ´Ô∏è–û—Ç–æ–ø–ª–µ–Ω–∏–µ: –ê–≤—Ç–æ–Ω–æ–º–Ω–æ–µ –ì–∞–∑–æ–≤–æ–µ","–≠—Ç–∞ –∫–≤–∞—Ä—Ç–∏—Ä–∞ –Ω–∞ 1.01% –¥–µ—à–µ–≤–ª–µ –ø–æ—Ö–æ–∂–∏—Ö
–¶–µ–Ω–∞ –∑–∞ –º2 —ç—Ç–æ–π –∫–≤–∞—Ä—Ç–∏—Ä—ã –Ω–∞ 16.11% –¥–µ—à–µ–≤–ª–µ –ø–æ—Ö–æ–∂–∏—Ö",74.5854,42.82,https://www.house.kg/details/989089666eb05133e07c8-63328093
"1-–∫–æ–º–Ω. –∫–≤., 46 –º2",–æ—Ç —Å–æ–±—Å—Ç–≤–µ–Ω–Ω–∏–∫–∞,4 643 650 —Å–æ–º,4893,27,"–ë–∏—à–∫–µ–∫, –£–ª–∞–Ω-2 –º-–Ω",,7 —ç—Ç–∞–∂ –∏–∑ 9,—á–∞—Å—Ç–∏—á–Ω–æ –º–µ–±–ª–∏—Ä–æ–≤–∞–Ω–∞,106 —Å–µ—Ä–∏—è —É–ª—É—á—à–µ–Ω–Ω–∞—è,"–ø–∞–Ω–µ–ª—å–Ω—ã–π, 2012 –≥.",–î–æ–±–∞–≤–ª–µ–Ω–æ 22 –¥–Ω—è –Ω–∞–∑–∞–¥,—Ö–æ—Ä–æ—à–µ–µ,,–º–∞–≥–∏—Å—Ç—Ä–∞–ª—å–Ω—ã–π,"–¥–æ–≥–æ–≤–æ—Ä –∫—É–ø–ª–∏-–ø—Ä–æ–¥–∞–∂–∏,                                             —Ç–µ—Ö–Ω–∏—á–µ—Å–∫–∏–π –ø–∞—Å–ø–æ—Ä—Ç",–∞–≤—Ç–æ–Ω–æ–º–Ω–æ–µ,—Ä—è–¥–æ–º –æ—Ö—Ä–∞–Ω—è–µ–º–∞—è —Å—Ç–æ—è–Ω–∫–∞,–æ–±–º–µ–Ω –Ω–µ –ø—Ä–µ–¥–ª–∞–≥–∞—Ç—å,–Ω–µ—Ç,"<div class=""label"">–í–æ–∑–º–æ–∂–Ω–æ—Å—Ç—å —Ä–∞—Å—Å—Ä–æ—á–∫–∏</div>",–±—Ä–æ–Ω–∏—Ä–æ–≤–∞–Ω–Ω–∞—è,–∑–∞—Å—Ç–µ–∫–ª–µ–Ω–Ω—ã–π –±–∞–ª–∫–æ–Ω,–ª–∏–Ω–æ–ª–µ—É–º,,–Ω–µ—Ç,,,—Å–æ–≤–º–µ—â–µ–Ω–Ω—ã–π,–ü–æ–ª—å–∑–æ–≤–∞—Ç–µ–ª—å,"–ü—Ä–æ–¥–∞—ë—Ç—Å—è 1 –∫–æ–º–Ω–∞—Ç–Ω–∞—è –∫–≤–∞—Ä—Ç–∏—Ä–∞
–¢–∏–ø –ø—Ä–æ–¥–∞–∂–∏: –ü—Ä–æ–¥–∞–∂–∞
–°–µ—Ä–∏—è: 106 —É–ª—É—á—à–µ–Ω–Ω–∞—è
–†–∞–π–æ–Ω: –£–ª–∞–Ω-2 –º–∫—Ä
–ö–æ–º–Ω–∞—Ç—ã: 1
–≠—Ç–∞–∂: 7
–ò–∑ –≤—Å–µ—Ö —ç—Ç–∞–∂–µ–π: 9
–ü–ª–æ—â–∞–¥—å: 46 –∫–≤.–º
–°–æ—Å—Ç–æ—è–Ω–∏–µ: –•–æ—Ä–æ—à–µ–µ
–¶–µ–Ω–∞: 55000 $ 
–ü—Ä–æ–¥–∞–µ—Ç—Å—è –ø—Ä–æ—Å—Ç–æ—Ä–Ω–∞—è –∏ —Å–≤–µ—Ç–ª–∞—è 1-–∫–æ–º–Ω–∞—Ç–Ω–∞—è –∫–≤–∞—Ä—Ç–∏—Ä–∞ –ø–ª–æ—â–∞–¥—å—é 46–∫–≤.–º. –≠—Ç–∞–∂ 7 –∏–∑ 9.
–í—Å—è –º–µ–±–µ–ª—å –æ—Å—Ç–∞–µ—Ç—Å—è. 
–°–æ–±—Å—Ç–≤–µ–Ω–Ω–∏–∫ , –ø—Ä–æ—à—É –Ω–µ –±–µ—Å–ø–æ–∫–æ–∏—Ç—å —Ä–∏—ç–ª—Ç–æ—Ä–æ–≤ !!!
0755 771 221","–≠—Ç–∞ –∫–≤–∞—Ä—Ç–∏—Ä–∞ –Ω–∞ 3.08% –¥–µ—à–µ–≤–ª–µ –ø–æ—Ö–æ–∂–∏—Ö
–¶–µ–Ω–∞ –∑–∞ –º2 —ç—Ç–æ–π –∫–≤–∞—Ä—Ç–∏—Ä—ã –Ω–∞ 5.16% –¥–µ—à–µ–≤–ª–µ –ø–æ—Ö–æ–∂–∏—Ö",74.6336,42.8461,https://www.house.kg/details/891053266cee0955a9b88-86637550
"1-–∫–æ–º–Ω. –∫–≤., 38 –º2",–æ—Ç —Å–æ–±—Å—Ç–≤–µ–Ω–Ω–∏–∫–∞,4 812 510 —Å–æ–º,1868,18,"–ë–∏—à–∫–µ–∫, 12 –º-–Ω, 12 –º–∏–∫—Ä–æ—Ä–∞–π–æ–Ω (–∑–∞ –ú–µ—á–µ—Ç—å—é)",–ü–∞–Ω–æ—Ä–∞–º–∞,8 —ç—Ç–∞–∂ –∏–∑ 10,—á–∞—Å—Ç–∏—á–Ω–æ –º–µ–±–ª–∏—Ä–æ–≤–∞–Ω–∞,—ç–ª–∏—Ç–∫–∞,"–º–æ–Ω–æ–ª–∏—Ç–Ω—ã–π, 2017 –≥.",–î–æ–±–∞–≤–ª–µ–Ω–æ 12 –¥–Ω–µ–π –Ω–∞–∑–∞–¥,—Ö–æ—Ä–æ—à–µ–µ,2.8 –º.,–º–∞–≥–∏—Å—Ç—Ä–∞–ª—å–Ω—ã–π,"–¥–æ–≥–æ–≤–æ—Ä –∫—É–ø–ª–∏-–ø—Ä–æ–¥–∞–∂–∏,                                             —Ç–µ—Ö–Ω–∏—á–µ—Å–∫–∏–π –ø–∞—Å–ø–æ—Ä—Ç",—Ü–µ–Ω—Ç—Ä–∞–ª—å–Ω–æ–µ,–ø–∞—Ä–∫–∏–Ω–≥,,,,–±—Ä–æ–Ω–∏—Ä–æ–≤–∞–Ω–Ω–∞—è,,–ª–∞–º–∏–Ω–∞—Ç,"–ø–ª–∞—Å—Ç–∏–∫–æ–≤—ã–µ –æ–∫–Ω–∞,                                             —É–ª—É—á—à–µ–Ω–Ω–∞—è,                                             –∫–æ–Ω–¥–∏—Ü–∏–æ–Ω–µ—Ä,                                             –Ω–µ—É–≥–ª–æ–≤–∞—è,                                             —Ç–∏—Ö–∏–π –¥–≤–æ—Ä",–Ω–µ—Ç,adsl,–¥–æ–º–æ—Ñ–æ–Ω,—Å–æ–≤–º–µ—â–µ–Ω–Ω—ã–π,–ü–æ–ª—å–∑–æ–≤–∞—Ç–µ–ª—å,"–ü—Ä–æ–¥–∞–µ—Ç—Å—è –∫–≤–∞—Ä—Ç–∏—Ä–∞ –≤ 12 –º–∫—Ä
–ö–≤–∞—Ä—Ç–∏—Ä–∞ —á–∏—Å—Ç–∞—è –∞–∫–∫—É—Ä–∞—Ç–Ω–∞—è, –∫–æ—Å–º–µ—Ç–∏—á–µ—Å–∫–∏–π —Ä–µ–º–æ–Ω—Ç. 
–ó–∞—Å—Ç—Ä–æ–π—â–∏–∫ –°–∞–∞–± —Å—Ç—Ä–æ–π  –ñ–ö ¬´–ü–∞–Ω–æ—Ä–∞–º–∞¬ª
–í –∫–≤–∞—Ä—Ç–∏—Ä–µ –æ—Å—Ç–∞–µ—Ç—Å—è –∫—É—Ö. –≥–∞—Ä–Ω–∏—Ç—É—Ä, –∫–æ–Ω–¥–∏—Ü–∏–æ–Ω–µ—Ä, —Å—Ç–∏—Ä–∞–ª—å–Ω–∞—è –º–∞—à–∏–Ω–∞ 
–ó–∞–∫—Ä—ã—Ç–∞—è —Ç–µ—Ä—Ä–∏—Ç–æ—Ä–∏—è. –í —à–∞–≥–æ–≤–æ–π –¥–æ—Å—Ç—É–ø–Ω–æ—Å—Ç–∏  –ì–ª–æ–±—É—Å, –¶–û–ù, —Ç—Ä–∞–Ω—Å–ø–æ—Ä—Ç–Ω–∞—è —Ä–∞–∑–≤—è–∑–∫–∞ 
–ö–≤–∞—Ä—Ç–∏—Ä–∞  –Ω–∏–∫–æ–≥–¥–∞ –Ω–µ —Å–¥–∞–≤–∞–ª–∞—Å—å. 
–ê–≥–µ–Ω—Ç—Å—Ç–≤–∞  –Ω–µ –±–µ—Å–ø–æ–∫–æ–∏—Ç—å.
–¢–û–†–ì.","–≠—Ç–∞ –∫–≤–∞—Ä—Ç–∏—Ä–∞ –Ω–∞ 10.94% –¥–µ—à–µ–≤–ª–µ –ø–æ—Ö–æ–∂–∏—Ö
–¶–µ–Ω–∞ –∑–∞ –º2 —ç—Ç–æ–π –∫–≤–∞—Ä—Ç–∏—Ä—ã –Ω–∞ 8.33% –¥–æ—Ä–æ–∂–µ –ø–æ—Ö–æ–∂–∏—Ö",74.6374,42.8125,https://www.house.kg/details/816243766dbce50c82e60-43516865
"2-–∫–æ–º–Ω. –∫–≤., 47 –º2",–æ—Ç —Å–æ–±—Å—Ç–≤–µ–Ω–Ω–∏–∫–∞,6 332 250 —Å–æ–º,4511,41,"–ë–∏—à–∫–µ–∫, –ú–∞–≥–∏—Å—Ç—Ä–∞–ª—å, –ú–∞–ª–¥—ã–±–∞–µ–≤–∞ 279","–ñ–∏–ª–æ–π –∫–æ–º–ø–ª–µ–∫—Å ""Optima Residence""",9 —ç—Ç–∞–∂ –∏–∑ 13,—á–∞—Å—Ç–∏—á–Ω–æ –º–µ–±–ª–∏—Ä–æ–≤–∞–Ω–∞,—ç–ª–∏—Ç–∫–∞,"–º–æ–Ω–æ–ª–∏—Ç–Ω—ã–π, 2022 –≥.",–î–æ–±–∞–≤–ª–µ–Ω–æ 17 –¥–Ω–µ–π –Ω–∞–∑–∞–¥,–µ–≤—Ä–æ—Ä–µ–º–æ–Ω—Ç,3.2 –º.,–º–∞–≥–∏—Å—Ç—Ä–∞–ª—å–Ω—ã–π,–¥–æ–≥–æ–≤–æ—Ä –¥–æ–ª–µ–≤–æ–≥–æ —É—á–∞—Å—Ç–∏—è,—ç–ª–µ–∫—Ç—Ä–∏—á–µ—Å–∫–æ–µ,—Ä—è–¥–æ–º –æ—Ö—Ä–∞–Ω—è–µ–º–∞—è —Å—Ç–æ—è–Ω–∫–∞,,,,,,,,–≤–æ–∑–º–æ–∂–Ω–æ –ø–æ–¥–∫–ª—é—á–µ–Ω–∏–µ,adsl,"–æ—Ö—Ä–∞–Ω–∞,                                             –≤–∏–¥–µ–æ–¥–æ–º–æ—Ñ–æ–Ω",,–ü–æ–ª—å–∑–æ–≤–∞—Ç–µ–ª—å,"–ü—Ä–æ–¥–∞–µ—Ç—Å—è 2—Ö –∫–æ–º–Ω–∞—Ç–Ω–∞—è —Å—Ç—É–¥–∏—è, –≤ –¥–æ–º–µ –ø—Ä–µ–º–∏—É–º –∫–ª–∞—Å—Å–∞ –û–ø—Ç–∏–º–∞ —Ä–µ–∑–∏–¥–µ–Ω—Å, –æ—Ç –°–ö –û–ø—Ç–∏–º–∞. 

–≠–∫–æ–ª–æ–≥–∏—á–µ—Å–∫–∏ —á–∏—Å—Ç—ã–π —Ä–∞–π–æ–Ω, –ú–∞–≥–∏—Å—Ç—Ä–∞–ª—å/–ú–∞–ª–¥—ã–±–∞–µ–≤–∞. –ü—Ä–µ–∫—Ä–∞—Å–Ω—ã–µ –≤–∏–¥—ã –∏ —Å–≤–µ–∂–∏–π –≤–æ–∑–¥—É—Ö. –° —à–∞–≥–æ–≤–æ–π –¥–æ—Å—Ç—É–ø–Ω–æ—Å—Ç—å—é –ø–∞—Ä–∫–∞ –´–Ω—Ç—ã–º–∞–∫. 

–ö–∏—Ä–ø–∏—á–Ω—ã–π –¥–æ–º, —Å –≤–µ–Ω—Ç–∏–ª—Ä—É–µ–º—ã–º —Ñ–∞—Å–∞–¥–æ–º, –ø–∞–Ω–æ—Ä–∞–º–Ω—ã–º–∏ –æ–∫–Ω–∞–º–∏, –æ—Ç–¥–µ–ª–∫–æ–π –∏–∑ –≥—Ä–∞–Ω–∏—Ç–∞ –∏ —Å–∞—Ä—ã —Ç–∞—à–∞. 

‚Ä¢ 9 —ç—Ç–∞–∂ –∏–∑ 14
‚Ä¢ ‚Å†47 –∫–≤.–º. (–ø–æ —Ñ–∞–∫—Ç—É 49)
‚Ä¢ ‚Å†—Ü–µ–Ω—Ç—Ä–∞–ª—å–Ω—ã–µ –∫–æ–º–º—É–Ω–∏–∫–∞—Ü–∏–∏ (—ç–ª–µ–∫—Ç—Ä–æ –æ—Ç–æ–ø–ª–µ–Ω–∏–µ)
‚Ä¢ ‚Å†–î–î–£ 
–¶–µ–Ω–∞ 75 000$","–≠—Ç–∞ –∫–≤–∞—Ä—Ç–∏—Ä–∞ –Ω–∞ 16.39% –¥–µ—à–µ–≤–ª–µ –ø–æ—Ö–æ–∂–∏—Ö
–¶–µ–Ω–∞ –∑–∞ –º2 —ç—Ç–æ–π –∫–≤–∞—Ä—Ç–∏—Ä—ã –Ω–∞ 23.03% –¥–æ—Ä–æ–∂–µ –ø–æ—Ö–æ–∂–∏—Ö",74.5976,42.8248,https://www.house.kg/details/479951366d5b66c2ac128-07943885
